/* Clearing the database of all old data. */

DROP TABLE PATIENTS;

DROP TABLE PATIENT_LOCATIONS;

DROP TABLE HEALTH_CONDITIONS;

DROP TABLE EMERGENCY_CONTACTS;

DROP TABLE EMERGENCY_CALL;

DROP TABLE DIAGNOSIS;

DROP TABLE DISEASES;

DROP TABLE BILLING;

DROP TABLE CALL_RECORDS;

DROP TABLE DOCTORS;

DROP TABLE NURSES;

DROP TABLE NURSE_ASSIGNMENTS;

DROP TABLE WARDBOYS;

DROP TABLE WARDBOY_ASSIGNMENTS;

DROP TABLE ROOM_FACILITIES;

DROP TABLE ROOM_ASSIGNMENTS;

DROP TABLE DOCTOR_ASSIGNMENTS;

/* Creating the new database, table by table, and loading each table. */

CREATE TABLE PATIENT_LOCATIONS
(
  ZIPCODE    NUMBER,
  CITY   VARCHAR2(100 BYTE),
  STATE_ACRONYM  VARCHAR2(100 BYTE),
  PRIMARY KEY(ZIPCODE)
)
LOGGING 
NOCOMPRESS 
NOCACHE
NOPARALLEL
MONITORING;

/* Inserting the first zip code */
INSERT INTO PATIENT_LOCATIONS (ZIPCODE, CITY, STATE_ACRONYM)
VALUES (12345, 'WASHINGTON', 'DC');

/* Inserting the second zip code */
INSERT INTO PATIENT_LOCATIONS (ZIPCODE, CITY, STATE_ACRONYM)
VALUES (54321, 'NEW YORK', 'NY');

/* Inserting the third zip code */
INSERT INTO PATIENT_LOCATIONS (ZIPCODE, CITY, STATE_ACRONYM)
VALUES (67890, 'LOS ANGELES', 'CA');

/* Inserting the fourth zip code */
INSERT INTO PATIENT_LOCATIONS (ZIPCODE, CITY, STATE_ACRONYM)
VALUES (23456, 'CHICAGO', 'IL');

/* Inserting the fifth zip code */
INSERT INTO PATIENT_LOCATIONS (ZIPCODE, CITY, STATE_ACRONYM)
VALUES (34567, 'HOUSTON', 'TX');

/* Inserting the sixth zip code */
INSERT INTO PATIENT_LOCATIONS (ZIPCODE, CITY, STATE_ACRONYM)
VALUES (45678, 'PHOENIX', 'AZ');

/* Inserting the seventh zip code */
INSERT INTO PATIENT_LOCATIONS (ZIPCODE, CITY, STATE_ACRONYM)
VALUES (56789, 'PHILADELPHIA', 'PA');

/* Inserting the eighth zip code */
INSERT INTO PATIENT_LOCATIONS (ZIPCODE, CITY, STATE_ACRONYM)
VALUES (67890, 'SAN ANTONIO', 'TX');

/* Inserting the ninth zip code */
INSERT INTO PATIENT_LOCATIONS (ZIPCODE, CITY, STATE_ACRONYM)
VALUES (78901, 'SAN DIEGO', 'CA');

/* Inserting the tenth zip code */
INSERT INTO PATIENT_LOCATIONS (ZIPCODE, CITY, STATE_ACRONYM)
VALUES (89012, 'DALLAS', 'TX');

/* Inserting the eleventh zip code */
INSERT INTO PATIENT_LOCATIONS (ZIPCODE, CITY, STATE_ACRONYM)
VALUES (90123, 'SAN JOSE', 'CA');

/* Inserting the twelfth zip code */
INSERT INTO PATIENT_LOCATIONS (ZIPCODE, CITY, STATE_ACRONYM)
VALUES (123, 'AUSTIN', 'TX');

/* Inserting the thirteenth zip code */
INSERT INTO PATIENT_LOCATIONS (ZIPCODE, CITY, STATE_ACRONYM)
VALUES (234, 'JACKSONVILLE', 'FL');

/* Inserting the fourteenth zip code */
INSERT INTO PATIENT_LOCATIONS (ZIPCODE, CITY, STATE_ACRONYM)
VALUES (345, 'FORT WORTH', 'TX');

/* Inserting the fifteenth zip code */
INSERT INTO PATIENT_LOCATIONS (ZIPCODE, CITY, STATE_ACRONYM)
VALUES (456, 'COLUMBUS', 'OH');

/* Inserting the sixteenth zip code */
INSERT INTO PATIENT_LOCATIONS (ZIPCODE, CITY, STATE_ACRONYM)
VALUES (567, 'CHARLOTTE', 'NC');

/* Inserting the seventeenth zip code */
INSERT INTO PATIENT_LOCATIONS (ZIPCODE, CITY, STATE_ACRONYM)
VALUES (678, 'INDIANAPOLIS', 'IN');

/* Inserting the eighteenth zip code */
INSERT INTO PATIENT_LOCATIONS (ZIPCODE, CITY, STATE_ACRONYM)
VALUES (789, 'SEATTLE', 'WA');

/* Inserting the nineteenth zip code */
INSERT INTO PATIENT_LOCATIONS (ZIPCODE, CITY, STATE_ACRONYM)
VALUES (890, 'DENVER', 'CO');

/* Inserting the twentieth zip code */
INSERT INTO PATIENT_LOCATIONS (ZIPCODE, CITY, STATE_ACRONYM)
VALUES (01234, 'WASHINGTON', 'DC');

COMMIT;

CREATE TABLE HEALTH_CONDITIONS
(
  HEALTH_LEVEL    NUMBER,
  ISCRITICAL   VARCHAR2(100 BYTE),
  PRIMARY KEY(HEALTH_LEVEL)
)
LOGGING 
NOCOMPRESS 
NOCACHE
NOPARALLEL
MONITORING;

INSERT INTO HEALTH_CONDITIONS (HEALTH_LEVEL, ISCRITICAL)
VALUES (1, 'FALSE');
INSERT INTO HEALTH_CONDITIONS (HEALTH_LEVEL, ISCRITICAL)
VALUES (2, 'FALSE');
INSERT INTO HEALTH_CONDITIONS (HEALTH_LEVEL, ISCRITICAL)
VALUES (3, 'FALSE');
INSERT INTO HEALTH_CONDITIONS (HEALTH_LEVEL, ISCRITICAL)
VALUES (4, 'FALSE');
INSERT INTO HEALTH_CONDITIONS (HEALTH_LEVEL, ISCRITICAL)
VALUES (5, 'FALSE');
INSERT INTO HEALTH_CONDITIONS (HEALTH_LEVEL, ISCRITICAL)
VALUES (6, 'FALSE');
INSERT INTO HEALTH_CONDITIONS (HEALTH_LEVEL, ISCRITICAL)
VALUES (7, 'TRUE');
INSERT INTO HEALTH_CONDITIONS (HEALTH_LEVEL, ISCRITICAL)
VALUES (8, 'TRUE');
INSERT INTO HEALTH_CONDITIONS (HEALTH_LEVEL, ISCRITICAL)
VALUES (9, 'TRUE');
INSERT INTO HEALTH_CONDITIONS (HEALTH_LEVEL, ISCRITICAL)
VALUES (10, 'TRUE');

COMMIT;

CREATE TABLE PATIENTS
(
  PID    NUMBER,
  PNAME   VARCHAR2(100 BYTE),
  AGE  NUMBER,
  SEX     VARCHAR2(50 BYTE),
  HEALTH_LEVEL     NUMBER,
  ZIPCODE     NUMBER,
  PRIMARY KEY(PID),
  FOREIGN KEY(ZIPCODE) REFERENCES PATIENT_LOCATIONS(ZIPCODE),
  FOREIGN KEY(HEALTH_LEVEL) REFERENCES HEALTH_CONDITIONS(HEALTH_LEVEL)
)
LOGGING 
NOCOMPRESS 
NOCACHE
NOPARALLEL
MONITORING;

/* Inserting the first patient */
INSERT INTO PATIENTS (PID, PNAME, AGE, SEX, HEALTH_LEVEL, ZIPCODE)
VALUES (1, 'AUSTIN GAE', 20, 'MALE', 2, 12345);

/* Inserting the second patient */
INSERT INTO PATIENTS (PID, PNAME, AGE, SEX, HEALTH_LEVEL, ZIPCODE)
VALUES (2, 'BEN SMITH', 35, 'MALE', 1, 54321);

/* Inserting the third patient */
INSERT INTO PATIENTS (PID, PNAME, AGE, SEX, HEALTH_LEVEL, ZIPCODE)
VALUES (3, 'CAROL JONES', 45, 'FEMALE', 3, 67890);

/* Inserting the fourth patient */
INSERT INTO PATIENTS (PID, PNAME, AGE, SEX, HEALTH_LEVEL, ZIPCODE)
VALUES (4, 'DAVID BROWN', 28, 'MALE', 5, 23456);

/* Inserting the fifth patient */
INSERT INTO PATIENTS (PID, PNAME, AGE, SEX, HEALTH_LEVEL, ZIPCODE)
VALUES (5, 'EMILY DAVIS', 50, 'FEMALE', 1, 34567);

/* Inserting the sixth patient */
INSERT INTO PATIENTS (PID, PNAME, AGE, SEX, HEALTH_LEVEL, ZIPCODE)
VALUES (6, 'FRANK WHITE', 60, 'MALE', 7, 45678);

/* Inserting the seventh patient */
INSERT INTO PATIENTS (PID, PNAME, AGE, SEX, HEALTH_LEVEL, ZIPCODE)
VALUES (7, 'GRACE MILLER', 22, 'FEMALE', 2, 56789);

/* Inserting the eighth patient */
INSERT INTO PATIENTS (PID, PNAME, AGE, SEX, HEALTH_LEVEL, ZIPCODE)
VALUES (8, 'HENRY WILSON', 33, 'MALE', 8, 67890);

/* Inserting the ninth patient */
INSERT INTO PATIENTS (PID, PNAME, AGE, SEX, HEALTH_LEVEL, ZIPCODE)
VALUES (9, 'ISABELLA TAYLOR', 40, 'FEMALE', 2, 78901);

/* Inserting the tenth patient */
INSERT INTO PATIENTS (PID, PNAME, AGE, SEX, HEALTH_LEVEL, ZIPCODE)
VALUES (10, 'JACK JOHNSON', 55, 'MALE', 3, 89012);

/* Inserting the eleventh patient */
INSERT INTO PATIENTS (PID, PNAME, AGE, SEX, HEALTH_LEVEL, ZIPCODE)
VALUES (11, 'KATE MARTIN', 25, 'FEMALE', 10, 90123);

/* Inserting the twelfth patient */
INSERT INTO PATIENTS (PID, PNAME, AGE, SEX, HEALTH_LEVEL, ZIPCODE)
VALUES (12, 'LUCAS ANDERSON', 38, 'MALE', 2, 01234);

/* Inserting the thirteenth patient */
INSERT INTO PATIENTS (PID, PNAME, AGE, SEX, HEALTH_LEVEL, ZIPCODE)
VALUES (13, 'MIA THOMAS', 48, 'FEMALE', 3, 34567);

/* Inserting the fourteenth patient */
INSERT INTO PATIENTS (PID, PNAME, AGE, SEX, HEALTH_LEVEL, ZIPCODE)
VALUES (14, 'NOAH HERNANDEZ', 30, 'MALE', 2, 45678);

/* Inserting the fifteenth patient */
INSERT INTO PATIENTS (PID, PNAME, AGE, SEX, HEALTH_LEVEL, ZIPCODE)
VALUES (15, 'OLIVIA MOORE', 42, 'FEMALE', 2, 56789);

/* Inserting the sixteenth patient */
INSERT INTO PATIENTS (PID, PNAME, AGE, SEX, HEALTH_LEVEL, ZIPCODE)
VALUES (16, 'PETER MARTINEZ', 58, 'MALE', 3, 67890);

/* Inserting the seventeenth patient */
INSERT INTO PATIENTS (PID, PNAME, AGE, SEX, HEALTH_LEVEL, ZIPCODE)
VALUES (17, 'QUINN ROBINSON', 23, 'FEMALE', 3, 78901);

/* Inserting the eighteenth patient */
INSERT INTO PATIENTS (PID, PNAME, AGE, SEX, HEALTH_LEVEL, ZIPCODE)
VALUES (18, 'RYAN CLARK', 36, 'MALE', 2, 89012);

/* Inserting the nineteenth patient */
INSERT INTO PATIENTS (PID, PNAME, AGE, SEX, HEALTH_LEVEL, ZIPCODE)
VALUES (19, 'SOPHIA RODRIGUEZ', 47, 'FEMALE', 3, 90123);

/* Inserting the twentieth patient */
INSERT INTO PATIENTS (PID, PNAME, AGE, SEX, HEALTH_LEVEL, ZIPCODE)
VALUES (20, 'TYLER LEWIS', 27, 'MALE', 6, 01234);

COMMIT;


CREATE TABLE EMERGENCY_CONTACTS
(
  ECID    NUMBER,
  ECNAME   VARCHAR2(100 BYTE),
  RELATIONSHIP VARCHAR2(100 BYTE),
  PHONE_NUMBER NUMBER,
  PRIMARY KEY(ECID)
)
LOGGING 
NOCOMPRESS 
NOCACHE
NOPARALLEL
MONITORING;

-- Inserting the first emergency contact
INSERT INTO EMERGENCY_CONTACTS (ECID, ECNAME, RELATIONSHIP, PHONE_NUMBER)
VALUES (1, 'CHRIS PARK', 'BROTHER', 1234567890);

-- Inserting the second emergency contact
INSERT INTO EMERGENCY_CONTACTS (ECID, ECNAME, RELATIONSHIP, PHONE_NUMBER)
VALUES (2, 'EMILY SMITH', 'SISTER', 2345678901);

-- Inserting the third emergency contact
INSERT INTO EMERGENCY_CONTACTS (ECID, ECNAME, RELATIONSHIP, PHONE_NUMBER)
VALUES (3, 'MICHAEL JOHNSON', 'FATHER', 3456789012);

-- Inserting the fourth emergency contact
INSERT INTO EMERGENCY_CONTACTS (ECID, ECNAME, RELATIONSHIP, PHONE_NUMBER)
VALUES (4, 'SARAH WANG', 'MOTHER', 4567890123);

-- Inserting the fifth emergency contact
INSERT INTO EMERGENCY_CONTACTS (ECID, ECNAME, RELATIONSHIP, PHONE_NUMBER)
VALUES (5, 'DAVID GARCIA', 'UNCLE', 5678901234);

-- Inserting the sixth emergency contact
INSERT INTO EMERGENCY_CONTACTS (ECID, ECNAME, RELATIONSHIP, PHONE_NUMBER)
VALUES (6, 'SOPHIA BROWN', 'AUNT', 6789012345);

-- Inserting the seventh emergency contact
INSERT INTO EMERGENCY_CONTACTS (ECID, ECNAME, RELATIONSHIP, PHONE_NUMBER)
VALUES (7, 'JAMES MARTINEZ', 'GRANDFATHER', 7890123456);

-- Inserting the eighth emergency contact
INSERT INTO EMERGENCY_CONTACTS (ECID, ECNAME, RELATIONSHIP, PHONE_NUMBER)
VALUES (8, 'AVA LEE', 'GRANDMOTHER', 8901234567);

-- Inserting the ninth emergency contact
INSERT INTO EMERGENCY_CONTACTS (ECID, ECNAME, RELATIONSHIP, PHONE_NUMBER)
VALUES (9, 'NOAH WILSON', 'COUSIN', 9012345678);

-- Inserting the tenth emergency contact
INSERT INTO EMERGENCY_CONTACTS (ECID, ECNAME, RELATIONSHIP, PHONE_NUMBER)
VALUES (10, 'EMMA MILLER', 'FRIEND', 0123456789);

-- Inserting the eleventh emergency contact
INSERT INTO EMERGENCY_CONTACTS (ECID, ECNAME, RELATIONSHIP, PHONE_NUMBER)
VALUES (11, 'BRIDGET TAYLOR', 'WIFE', 9876543210);

-- Inserting the twelfth emergency contact
INSERT INTO EMERGENCY_CONTACTS (ECID, ECNAME, RELATIONSHIP, PHONE_NUMBER)
VALUES (12, 'AVA THOMAS', 'SISTER', 8765432109);

-- Inserting the thirteenth emergency contact
INSERT INTO EMERGENCY_CONTACTS (ECID, ECNAME, RELATIONSHIP, PHONE_NUMBER)
VALUES (13, 'OLIVIA ANDERSON', 'MOTHER', 7654321098);

-- Inserting the fourteenth emergency contact
INSERT INTO EMERGENCY_CONTACTS (ECID, ECNAME, RELATIONSHIP, PHONE_NUMBER)
VALUES (14, 'WILLIAM GARCIA', 'COUSIN', 6543210987);

-- Inserting the fifteenth emergency contact
INSERT INTO EMERGENCY_CONTACTS (ECID, ECNAME, RELATIONSHIP, PHONE_NUMBER)
VALUES (15, 'EMILY WILSON', 'SISTER', 5432109876);

-- Inserting the sixteenth emergency contact
INSERT INTO EMERGENCY_CONTACTS (ECID, ECNAME, RELATIONSHIP, PHONE_NUMBER)
VALUES (16, 'JACOB THOMAS', 'FRIEND', 4321098765);

-- Inserting the seventeenth emergency contact
INSERT INTO EMERGENCY_CONTACTS (ECID, ECNAME, RELATIONSHIP, PHONE_NUMBER)
VALUES (17, 'SOPHIA GARCIA', 'COUSIN', 3210987654);

-- Inserting the eighteenth emergency contact
INSERT INTO EMERGENCY_CONTACTS (ECID, ECNAME, RELATIONSHIP, PHONE_NUMBER)
VALUES (18, 'LIAM MARTINEZ', 'BROTHER', 2109876543);

-- Inserting the nineteenth emergency contact
INSERT INTO EMERGENCY_CONTACTS (ECID, ECNAME, RELATIONSHIP, PHONE_NUMBER)
VALUES (19, 'OLIVIA BROWN', 'SISTER', 1098765432);

-- Inserting the twentieth emergency contact
INSERT INTO EMERGENCY_CONTACTS (ECID, ECNAME, RELATIONSHIP, PHONE_NUMBER)
VALUES (20, 'BILL WILSON', 'HUSBAND', 0987654321);

-- Inserting the twenty-first emergency contact
INSERT INTO EMERGENCY_CONTACTS (ECID, ECNAME, RELATIONSHIP, PHONE_NUMBER)
VALUES (21, 'LUCAS PARK', 'COUSIN', 1234567890);

-- Inserting the twenty-second emergency contact
INSERT INTO EMERGENCY_CONTACTS (ECID, ECNAME, RELATIONSHIP, PHONE_NUMBER)
VALUES (22, 'AVA SMITH', 'AUNT', 2345678901);

-- Inserting the twenty-third emergency contact
INSERT INTO EMERGENCY_CONTACTS (ECID, ECNAME, RELATIONSHIP, PHONE_NUMBER)
VALUES (23, 'JACOB JOHNSON', 'UNCLE', 3456789012);

-- Inserting the twenty-fourth emergency contact
INSERT INTO EMERGENCY_CONTACTS (ECID, ECNAME, RELATIONSHIP, PHONE_NUMBER)
VALUES (24, 'SOPHIA WANG', 'GRANDMOTHER', 4567890123);

-- Inserting the twenty-fifth emergency contact
INSERT INTO EMERGENCY_CONTACTS (ECID, ECNAME, RELATIONSHIP, PHONE_NUMBER)
VALUES (25, 'MIA GARCIA', 'GRANDFATHER', 5678901234);

-- Inserting the twenty-sixth emergency contact
INSERT INTO EMERGENCY_CONTACTS (ECID, ECNAME, RELATIONSHIP, PHONE_NUMBER)
VALUES (26, 'NOAH BROWN', 'NEPHEW', 6789012345);

-- Inserting the twenty-seventh emergency contact
INSERT INTO EMERGENCY_CONTACTS (ECID, ECNAME, RELATIONSHIP, PHONE_NUMBER)
VALUES (27, 'EMMA MARTINEZ', 'NIECE', 7890123456);

-- Inserting the twenty-eighth emergency contact
INSERT INTO EMERGENCY_CONTACTS (ECID, ECNAME, RELATIONSHIP, PHONE_NUMBER)
VALUES (28, 'WILLIAM ANDERSON', 'SIBLING', 8901234567);

-- Inserting the twenty-ninth emergency contact
INSERT INTO EMERGENCY_CONTACTS (ECID, ECNAME, RELATIONSHIP, PHONE_NUMBER)
VALUES (29, 'AVA JONES', 'COUSIN', 9012345678);

-- Inserting the thirtieth emergency contact
INSERT INTO EMERGENCY_CONTACTS (ECID, ECNAME, RELATIONSHIP, PHONE_NUMBER)
VALUES (30, 'JAMES WILLIAMS', 'GRANDPARENT', 0123456789);

-- Inserting the thirtieth emergency contact
INSERT INTO EMERGENCY_CONTACTS (ECID, ECNAME, RELATIONSHIP, PHONE_NUMBER)
VALUES (30, 'JAMES WILLIAMS', 'GRANDPARENT', 0123456789);

-- Inserting the thirty-first emergency contact
INSERT INTO EMERGENCY_CONTACTS (ECID, ECNAME, RELATIONSHIP, PHONE_NUMBER)
VALUES (31, 'OLIVIA BROWN', 'GRANDPARENT', 9876543210);

-- Inserting the thirty-second emergency contact
INSERT INTO EMERGENCY_CONTACTS (ECID, ECNAME, RELATIONSHIP, PHONE_NUMBER)
VALUES (32, 'LIAM JOHNSON', 'AUNT', 8765432109);

-- Inserting the thirty-third emergency contact
INSERT INTO EMERGENCY_CONTACTS (ECID, ECNAME, RELATIONSHIP, PHONE_NUMBER)
VALUES (33, 'EMILY THOMAS', 'UNCLE', 7654321098);

-- Inserting the thirty-fourth emergency contact
INSERT INTO EMERGENCY_CONTACTS (ECID, ECNAME, RELATIONSHIP, PHONE_NUMBER)
VALUES (34, 'SARAH WILSON', 'COUSIN', 6543210987);

-- Inserting the thirty-fifth emergency contact
INSERT INTO EMERGENCY_CONTACTS (ECID, ECNAME, RELATIONSHIP, PHONE_NUMBER)
VALUES (35, 'MASON MILLER', 'SIBLING', 5432109876);

-- Inserting the thirty-sixth emergency contact
INSERT INTO EMERGENCY_CONTACTS (ECID, ECNAME, RELATIONSHIP, PHONE_NUMBER)
VALUES (36, 'AVA GARCIA', 'NEPHEW', 4321098765);

-- Inserting the thirty-seventh emergency contact
INSERT INTO EMERGENCY_CONTACTS (ECID, ECNAME, RELATIONSHIP, PHONE_NUMBER)
VALUES (37, 'LUCAS HERNANDEZ', 'NIECE', 3210987654);

-- Inserting the thirty-eighth emergency contact
INSERT INTO EMERGENCY_CONTACTS (ECID, ECNAME, RELATIONSHIP, PHONE_NUMBER)
VALUES (38, 'SOPHIA CLARK', 'GRANDPARENT', 2109876543);

-- Inserting the thirty-ninth emergency contact
INSERT INTO EMERGENCY_CONTACTS (ECID, ECNAME, RELATIONSHIP, PHONE_NUMBER)
VALUES (39, 'JACOB LEWIS', 'GRANDPARENT', 1098765432);

-- Inserting the fortieth emergency contact
INSERT INTO EMERGENCY_CONTACTS (ECID, ECNAME, RELATIONSHIP, PHONE_NUMBER)
VALUES (40, 'OLIVIA TAYLOR', 'SIBLING', 0987654321);

-- Inserting the forty-first emergency contact
INSERT INTO EMERGENCY_CONTACTS (ECID, ECNAME, RELATIONSHIP, PHONE_NUMBER)
VALUES (41, 'WILLIAM RODRIGUEZ', 'AUNT', 1234567890);

-- Inserting the forty-second emergency contact
INSERT INTO EMERGENCY_CONTACTS (ECID, ECNAME, RELATIONSHIP, PHONE_NUMBER)
VALUES (42, 'EMMA RODRIGUEZ', 'UNCLE', 2345678901);

-- Inserting the forty-third emergency contact
INSERT INTO EMERGENCY_CONTACTS (ECID, ECNAME, RELATIONSHIP, PHONE_NUMBER)
VALUES (43, 'MIA RODRIGUEZ', 'COUSIN', 3456789012);

-- Inserting the forty-fourth emergency contact
INSERT INTO EMERGENCY_CONTACTS (ECID, ECNAME, RELATIONSHIP, PHONE_NUMBER)
VALUES (44, 'NOAH RODRIGUEZ', 'SIBLING', 4567890123);

-- Inserting the forty-fifth emergency contact
INSERT INTO EMERGENCY_CONTACTS (ECID, ECNAME, RELATIONSHIP, PHONE_NUMBER)
VALUES (45, 'AVA RODRIGUEZ', 'NEPHEW', 5678901234);

-- Inserting the forty-sixth emergency contact
INSERT INTO EMERGENCY_CONTACTS (ECID, ECNAME, RELATIONSHIP, PHONE_NUMBER)
VALUES (46, 'LUCAS RODRIGUEZ', 'NIECE', 6789012345);

-- Inserting the forty-seventh emergency contact
INSERT INTO EMERGENCY_CONTACTS (ECID, ECNAME, RELATIONSHIP, PHONE_NUMBER)
VALUES (47, 'SOPHIA RODRIGUEZ', 'GRANDPARENT', 7890123456);

-- Inserting the forty-eighth emergency contact
INSERT INTO EMERGENCY_CONTACTS (ECID, ECNAME, RELATIONSHIP, PHONE_NUMBER)
VALUES (48, 'JACOB RODRIGUEZ', 'GRANDPARENT', 8901234567);

-- Inserting the forty-ninth emergency contact
INSERT INTO EMERGENCY_CONTACTS (ECID, ECNAME, RELATIONSHIP, PHONE_NUMBER)
VALUES (49, 'RODNEY DANGERFIELD', 'AUNT', 9012345678);

-- Inserting the fiftieth emergency contact
INSERT INTO EMERGENCY_CONTACTS (ECID, ECNAME, RELATIONSHIP, PHONE_NUMBER)
VALUES (50, 'LIAM RODRIGUEZ', 'UNCLE', 0123456789);

-- Inserting the fifty-first emergency contact
INSERT INTO EMERGENCY_CONTACTS (ECID, ECNAME, RELATIONSHIP, PHONE_NUMBER)
VALUES (51, 'EMILY RODRIGUEZ', 'COUSIN', 9876543210);

-- Inserting the fifty-second emergency contact
INSERT INTO EMERGENCY_CONTACTS (ECID, ECNAME, RELATIONSHIP, PHONE_NUMBER)
VALUES (52, 'WILLIAM RODRIGUEZ', 'SIBLING', 8765432109);

-- Inserting the fifty-third emergency contact
INSERT INTO EMERGENCY_CONTACTS (ECID, ECNAME, RELATIONSHIP, PHONE_NUMBER)
VALUES (53, 'EMMA RODRIGUEZ', 'NEPHEW', 7654321098);

-- Inserting the fifty-fourth emergency contact
INSERT INTO EMERGENCY_CONTACTS (ECID, ECNAME, RELATIONSHIP, PHONE_NUMBER)
VALUES (54, 'MIA RODRIGUEZ', 'NIECE', 6543210987);

-- Inserting the fifty-fifth emergency contact
INSERT INTO EMERGENCY_CONTACTS (ECID, ECNAME, RELATIONSHIP, PHONE_NUMBER)
VALUES (55, 'NOAH RODRIGUEZ', 'GRANDPARENT', 5432109876);

-- Inserting the fifty-sixth emergency contact
INSERT INTO EMERGENCY_CONTACTS (ECID, ECNAME, RELATIONSHIP, PHONE_NUMBER)
VALUES (56, 'AVA RODRIGUEZ', 'GRANDPARENT', 4321098765);

-- Inserting the fifty-seventh emergency contact
INSERT INTO EMERGENCY_CONTACTS (ECID, ECNAME, RELATIONSHIP, PHONE_NUMBER)
VALUES (57, 'LUCAS RODRIGUEZ', 'AUNT', 3210987654);

-- Inserting the fifty-eighth emergency contact
INSERT INTO EMERGENCY_CONTACTS (ECID, ECNAME, RELATIONSHIP, PHONE_NUMBER)
VALUES (58, 'SOPHIA RODRIGUEZ', 'UNCLE', 2109876543);

-- Inserting the fifty-ninth emergency contact
INSERT INTO EMERGENCY_CONTACTS (ECID, ECNAME, RELATIONSHIP, PHONE_NUMBER)
VALUES (59, 'JACOB RODRIGUEZ', 'COUSIN', 1098765432);

-- Inserting the sixtieth emergency contact
INSERT INTO EMERGENCY_CONTACTS (ECID, ECNAME, RELATIONSHIP, PHONE_NUMBER)
VALUES (60, 'MIGUEL SOLIS', 'SIBLING', 0987654321);

COMMIT;

CREATE TABLE EMERGENCY_CALL
(
  PID    NUMBER,
  ECID   NUMBER,
  CALL_ORDER NUMBER,
  PRIMARY KEY(PID, ECID),
  FOREIGN KEY(PID) REFERENCES PATIENTS(PID),
  FOREIGN KEY(ECID) REFERENCES EMERGENCY_CONTACTS(ECID)
)
LOGGING 
NOCOMPRESS 
NOCACHE
NOPARALLEL
MONITORING;

INSERT INTO EMERGENCY_CALL (PID, ECID, CALL_ORDER) 
VALUES(1, 1, 1);
INSERT INTO EMERGENCY_CALL (PID, ECID, CALL_ORDER) 
VALUES(1, 2, 2);
INSERT INTO EMERGENCY_CALL (PID, ECID, CALL_ORDER) 
VALUES(1, 3, 3);
INSERT INTO EMERGENCY_CALL (PID, ECID, CALL_ORDER) 
VALUES(2, 4, 1);
INSERT INTO EMERGENCY_CALL (PID, ECID, CALL_ORDER) 
VALUES(2, 5, 2);
INSERT INTO EMERGENCY_CALL (PID, ECID, CALL_ORDER) 
VALUES(2, 6, 3);
INSERT INTO EMERGENCY_CALL (PID, ECID, CALL_ORDER) 
VALUES(3, 7, 1);
INSERT INTO EMERGENCY_CALL (PID, ECID, CALL_ORDER) 
VALUES(3, 8, 2);
INSERT INTO EMERGENCY_CALL (PID, ECID, CALL_ORDER) 
VALUES(3, 9, 3);
-- Inserting emergency calls for the fourth patient
INSERT INTO EMERGENCY_CALL (PID, ECID, CALL_ORDER) 
VALUES(4, 10, 1);
INSERT INTO EMERGENCY_CALL (PID, ECID, CALL_ORDER) 
VALUES(4, 11, 2);
INSERT INTO EMERGENCY_CALL (PID, ECID, CALL_ORDER) 
VALUES(4, 12, 3);

-- Inserting emergency calls for the fifth patient
INSERT INTO EMERGENCY_CALL (PID, ECID, CALL_ORDER) 
VALUES(5, 13, 1);
INSERT INTO EMERGENCY_CALL (PID, ECID, CALL_ORDER) 
VALUES(5, 14, 2);
INSERT INTO EMERGENCY_CALL (PID, ECID, CALL_ORDER) 
VALUES(5, 15, 3);

-- Inserting emergency calls for the sixth patient
INSERT INTO EMERGENCY_CALL (PID, ECID, CALL_ORDER) 
VALUES(6, 16, 1);
INSERT INTO EMERGENCY_CALL (PID, ECID, CALL_ORDER) 
VALUES(6, 17, 2);
INSERT INTO EMERGENCY_CALL (PID, ECID, CALL_ORDER) 
VALUES(6, 18, 3);

-- Inserting emergency calls for the seventh patient
INSERT INTO EMERGENCY_CALL (PID, ECID, CALL_ORDER) 
VALUES(7, 19, 1);
INSERT INTO EMERGENCY_CALL (PID, ECID, CALL_ORDER) 
VALUES(7, 20, 2);
INSERT INTO EMERGENCY_CALL (PID, ECID, CALL_ORDER) 
VALUES(7, 21, 3);
-- Inserting emergency calls for the eighth patient
INSERT INTO EMERGENCY_CALL (PID, ECID, CALL_ORDER) 
VALUES(8, 22, 1);
INSERT INTO EMERGENCY_CALL (PID, ECID, CALL_ORDER) 
VALUES(8, 23, 2);
INSERT INTO EMERGENCY_CALL (PID, ECID, CALL_ORDER) 
VALUES(8, 24, 3);

-- Inserting emergency calls for the ninth patient
INSERT INTO EMERGENCY_CALL (PID, ECID, CALL_ORDER) 
VALUES(9, 25, 1);
INSERT INTO EMERGENCY_CALL (PID, ECID, CALL_ORDER) 
VALUES(9, 26, 2);
INSERT INTO EMERGENCY_CALL (PID, ECID, CALL_ORDER) 
VALUES(9, 27, 3);

-- Inserting emergency calls for the tenth patient
INSERT INTO EMERGENCY_CALL (PID, ECID, CALL_ORDER) 
VALUES(10, 28, 1);
INSERT INTO EMERGENCY_CALL (PID, ECID, CALL_ORDER) 
VALUES(10, 29, 2);
INSERT INTO EMERGENCY_CALL (PID, ECID, CALL_ORDER) 
VALUES(10, 30, 3);

-- Inserting emergency calls for the eleventh patient
INSERT INTO EMERGENCY_CALL (PID, ECID, CALL_ORDER) 
VALUES(11, 31, 1);
INSERT INTO EMERGENCY_CALL (PID, ECID, CALL_ORDER) 
VALUES(11, 32, 2);
INSERT INTO EMERGENCY_CALL (PID, ECID, CALL_ORDER) 
VALUES(11, 33, 3);

-- Inserting emergency calls for the twelfth patient
INSERT INTO EMERGENCY_CALL (PID, ECID, CALL_ORDER) 
VALUES(12, 34, 1);
INSERT INTO EMERGENCY_CALL (PID, ECID, CALL_ORDER) 
VALUES(12, 35, 2);
INSERT INTO EMERGENCY_CALL (PID, ECID, CALL_ORDER) 
VALUES(12, 36, 3);

-- Inserting emergency calls for the thirteenth patient
INSERT INTO EMERGENCY_CALL (PID, ECID, CALL_ORDER) 
VALUES(13, 37, 1);
INSERT INTO EMERGENCY_CALL (PID, ECID, CALL_ORDER) 
VALUES(13, 38, 2);
INSERT INTO EMERGENCY_CALL (PID, ECID, CALL_ORDER) 
VALUES(13, 39, 3);

-- Inserting emergency calls for the fourteenth patient
INSERT INTO EMERGENCY_CALL (PID, ECID, CALL_ORDER) 
VALUES(14, 40, 1);
INSERT INTO EMERGENCY_CALL (PID, ECID, CALL_ORDER) 
VALUES(14, 41, 2);
INSERT INTO EMERGENCY_CALL (PID, ECID, CALL_ORDER) 
VALUES(14, 42, 3);

-- Inserting emergency calls for the fifteenth patient
INSERT INTO EMERGENCY_CALL (PID, ECID, CALL_ORDER) 
VALUES(15, 43, 1);
INSERT INTO EMERGENCY_CALL (PID, ECID, CALL_ORDER) 
VALUES(15, 44, 2);
INSERT INTO EMERGENCY_CALL (PID, ECID, CALL_ORDER) 
VALUES(15, 45, 3);

-- Inserting emergency calls for the sixteenth patient
INSERT INTO EMERGENCY_CALL (PID, ECID, CALL_ORDER) 
VALUES(16, 46, 1);
INSERT INTO EMERGENCY_CALL (PID, ECID, CALL_ORDER) 
VALUES(16, 47, 2);
INSERT INTO EMERGENCY_CALL (PID, ECID, CALL_ORDER) 
VALUES(16, 48, 3);

-- Inserting emergency calls for the seventeenth patient
INSERT INTO EMERGENCY_CALL (PID, ECID, CALL_ORDER) 
VALUES(17, 49, 1);
INSERT INTO EMERGENCY_CALL (PID, ECID, CALL_ORDER) 
VALUES(17, 50, 2);
INSERT INTO EMERGENCY_CALL (PID, ECID, CALL_ORDER) 
VALUES(17, 51, 3);

-- Inserting emergency calls for the eighteenth patient
INSERT INTO EMERGENCY_CALL (PID, ECID, CALL_ORDER) 
VALUES(18, 52, 1);
INSERT INTO EMERGENCY_CALL (PID, ECID, CALL_ORDER) 
VALUES(18, 53, 2);
INSERT INTO EMERGENCY_CALL (PID, ECID, CALL_ORDER) 
VALUES(18, 54, 3);

-- Inserting emergency calls for the nineteenth patient
INSERT INTO EMERGENCY_CALL (PID, ECID, CALL_ORDER) 
VALUES(19, 55, 1);
INSERT INTO EMERGENCY_CALL (PID, ECID, CALL_ORDER) 
VALUES(19, 56, 2);
INSERT INTO EMERGENCY_CALL (PID, ECID, CALL_ORDER) 
VALUES(19, 57, 3);

-- Inserting emergency calls for the twentieth patient
INSERT INTO EMERGENCY_CALL (PID, ECID, CALL_ORDER) 
VALUES(20, 58, 1);
INSERT INTO EMERGENCY_CALL (PID, ECID, CALL_ORDER) 
VALUES(20, 59, 2);
INSERT INTO EMERGENCY_CALL (PID, ECID, CALL_ORDER) 
VALUES(20, 60, 3);

COMMIT;

CREATE TABLE DISEASES
(
  DISEASEID    NUMBER,
  DISEASE_NAME   VARCHAR2(100 BYTE),
  SYMPTOM VARCHAR2(100 BYTE),
  PRESCRIPTION  VARCHAR2(100 BYTE),
  PRIMARY KEY(DISEASEID)
)
LOGGING 
NOCOMPRESS 
NOCACHE
NOPARALLEL
MONITORING;

INSERT INTO DISEASES (DISEASEID, DISEASE_NAME, SYMPTOM, PRESCRIPTION) 
VALUES(1, 'FLU', 'RUNNY NOSE', 'SLEEP');
INSERT INTO DISEASES (DISEASEID, DISEASE_NAME, SYMPTOM, PRESCRIPTION) 
VALUES(2, 'GHONORREA', 'DIARRHEA', 'TUMS');
INSERT INTO DISEASES (DISEASEID, DISEASE_NAME, SYMPTOM, PRESCRIPTION) 
VALUES(3, 'CANCER', 'LACK OF ENERGY', 'CHEMOTHERAPY');
INSERT INTO DISEASES (DISEASEID, DISEASE_NAME, SYMPTOM, PRESCRIPTION) 
VALUES(4, 'SYPHILIS', 'PATCHES', 'DABIGATRAN');
INSERT INTO DISEASES (DISEASEID, DISEASE_NAME, SYMPTOM, PRESCRIPTION) 
VALUES(5, 'DIABETES', 'PASSING OUT', 'INSULIN');

COMMIT;

CREATE TABLE DIAGNOSIS
(
  PID    NUMBER,
  DISEASEID   NUMBER,
  DIAGNOSIS_DATE DATE,
  PRIMARY KEY (PID, DISEASEID),
  FOREIGN KEY(PID) REFERENCES PATIENTS(PID),
  FOREIGN KEY(DISEASEID) REFERENCES DISEASES(DISEASEID)
)
LOGGING 
NOCOMPRESS 
NOCACHE
NOPARALLEL
MONITORING;

-- Inserting diagnosis for PID 1
INSERT INTO DIAGNOSIS (PID, DISEASEID, DIAGNOSIS_DATE) 
VALUES(1, 3, TO_DATE('01/23/2010', 'MM/DD/YYYY'));

-- Inserting diagnosis for PID 2
INSERT INTO DIAGNOSIS (PID, DISEASEID, DIAGNOSIS_DATE) 
VALUES(2, 2, TO_DATE('02/15/2011', 'MM/DD/YYYY'));

-- Inserting diagnosis for PID 3
INSERT INTO DIAGNOSIS (PID, DISEASEID, DIAGNOSIS_DATE) 
VALUES(3, 4, TO_DATE('05/07/2012', 'MM/DD/YYYY'));

-- Inserting diagnosis for PID 4
INSERT INTO DIAGNOSIS (PID, DISEASEID, DIAGNOSIS_DATE) 
VALUES(4, 1, TO_DATE('08/19/2013', 'MM/DD/YYYY'));
-- Inserting diagnosis for PID 5
INSERT INTO DIAGNOSIS (PID, DISEASEID, DIAGNOSIS_DATE) 
VALUES(5, 5, TO_DATE('10/31/2014', 'MM/DD/YYYY'));

-- Inserting diagnosis for PID 6
INSERT INTO DIAGNOSIS (PID, DISEASEID, DIAGNOSIS_DATE) 
VALUES(6, 3, TO_DATE('03/12/2015', 'MM/DD/YYYY'));

-- Inserting diagnosis for PID 7
INSERT INTO DIAGNOSIS (PID, DISEASEID, DIAGNOSIS_DATE) 
VALUES(7, 2, TO_DATE('06/25/2016', 'MM/DD/YYYY'));

-- Inserting diagnosis for PID 8
INSERT INTO DIAGNOSIS (PID, DISEASEID, DIAGNOSIS_DATE) 
VALUES(8, 4, TO_DATE('09/08/2017', 'MM/DD/YYYY'));

-- Inserting diagnosis for PID 9
INSERT INTO DIAGNOSIS (PID, DISEASEID, DIAGNOSIS_DATE) 
VALUES(9, 1, TO_DATE('11/21/2018', 'MM/DD/YYYY'));

-- Inserting diagnosis for PID 10
INSERT INTO DIAGNOSIS (PID, DISEASEID, DIAGNOSIS_DATE) 
VALUES(10, 5, TO_DATE('04/04/2019', 'MM/DD/YYYY'));

-- Inserting diagnosis for PID 11
INSERT INTO DIAGNOSIS (PID, DISEASEID, DIAGNOSIS_DATE) 
VALUES(11, 3, TO_DATE('07/17/2020', 'MM/DD/YYYY'));

-- Inserting diagnosis for PID 12
INSERT INTO DIAGNOSIS (PID, DISEASEID, DIAGNOSIS_DATE) 
VALUES(12, 2, TO_DATE('10/30/2010', 'MM/DD/YYYY'));

-- Inserting diagnosis for PID 13
INSERT INTO DIAGNOSIS (PID, DISEASEID, DIAGNOSIS_DATE) 
VALUES(13, 4, TO_DATE('02/12/2011', 'MM/DD/YYYY'));

-- Inserting diagnosis for PID 14
INSERT INTO DIAGNOSIS (PID, DISEASEID, DIAGNOSIS_DATE) 
VALUES(14, 1, TO_DATE('05/26/2012', 'MM/DD/YYYY'));

-- Inserting diagnosis for PID 15
INSERT INTO DIAGNOSIS (PID, DISEASEID, DIAGNOSIS_DATE) 
VALUES(15, 5, TO_DATE('09/08/2013', 'MM/DD/YYYY'));

-- Inserting diagnosis for PID 16
INSERT INTO DIAGNOSIS (PID, DISEASEID, DIAGNOSIS_DATE) 
VALUES(16, 3, TO_DATE('12/21/2014', 'MM/DD/YYYY'));

-- Inserting diagnosis for PID 17
INSERT INTO DIAGNOSIS (PID, DISEASEID, DIAGNOSIS_DATE) 
VALUES(17, 2, TO_DATE('02/03/2016', 'MM/DD/YYYY'));

-- Inserting diagnosis for PID 18
INSERT INTO DIAGNOSIS (PID, DISEASEID, DIAGNOSIS_DATE) 
VALUES(18, 4, TO_DATE('05/17/2017', 'MM/DD/YYYY'));

-- Inserting diagnosis for PID 19
INSERT INTO DIAGNOSIS (PID, DISEASEID, DIAGNOSIS_DATE) 
VALUES(19, 1, TO_DATE('08/30/2018', 'MM/DD/YYYY'));

-- Inserting diagnosis for PID 20
INSERT INTO DIAGNOSIS (PID, DISEASEID, DIAGNOSIS_DATE) 
VALUES(20, 5, TO_DATE('12/13/2019', 'MM/DD/YYYY'));

COMMIT;


CREATE TABLE BILLING
(
  BILLID    NUMBER,
  AMOUNT   NUMBER,
  PAYMENT_TYPE VARCHAR2(100 BYTE),
  HASPAID  VARCHAR2(100 BYTE),
  PID NUMBER,
  PRIMARY KEY (BILLID),
  FOREIGN KEY (PID) REFERENCES PATIENTS(PID)
)
LOGGING 
NOCOMPRESS 
NOCACHE
NOPARALLEL
MONITORING;

-- Inserting bills for PID 1
INSERT INTO BILLING (BILLID, AMOUNT, PAYMENT_TYPE, HASPAID, PID) 
VALUES(1, 200, 'CREDIT', 'TRUE', 1);

INSERT INTO BILLING (BILLID, AMOUNT, PAYMENT_TYPE, HASPAID, PID) 
VALUES(2, 150, 'DEBIT', 'FALSE', 1);

-- Inserting bills for PID 2
INSERT INTO BILLING (BILLID, AMOUNT, PAYMENT_TYPE, HASPAID, PID) 
VALUES(3, 180, 'CASH', 'TRUE', 2);

INSERT INTO BILLING (BILLID, AMOUNT, PAYMENT_TYPE, HASPAID, PID) 
VALUES(4, 220, 'CREDIT', 'FALSE', 2);

-- Inserting bills for PID 3
INSERT INTO BILLING (BILLID, AMOUNT, PAYMENT_TYPE, HASPAID, PID) 
VALUES(5, 250, 'DEBIT', 'TRUE', 3);

INSERT INTO BILLING (BILLID, AMOUNT, PAYMENT_TYPE, HASPAID, PID) 
VALUES(6, 300, 'CREDIT', 'FALSE', 3);

-- Inserting bills for PID 4
INSERT INTO BILLING (BILLID, AMOUNT, PAYMENT_TYPE, HASPAID, PID) 
VALUES(7, 170, 'CASH', 'TRUE', 4);

INSERT INTO BILLING (BILLID, AMOUNT, PAYMENT_TYPE, HASPAID, PID) 
VALUES(8, 220, 'CREDIT', 'FALSE', 4);

-- Inserting bills for PID 5
INSERT INTO BILLING (BILLID, AMOUNT, PAYMENT_TYPE, HASPAID, PID) 
VALUES(9, 190, 'CREDIT', 'TRUE', 5);

INSERT INTO BILLING (BILLID, AMOUNT, PAYMENT_TYPE, HASPAID, PID) 
VALUES(10, 210, 'DEBIT', 'FALSE', 5);

-- Inserting bills for PID 6
INSERT INTO BILLING (BILLID, AMOUNT, PAYMENT_TYPE, HASPAID, PID) 
VALUES(11, 230, 'CASH', 'TRUE', 6);

INSERT INTO BILLING (BILLID, AMOUNT, PAYMENT_TYPE, HASPAID, PID) 
VALUES(12, 180, 'DEBIT', 'FALSE', 6);

-- Inserting bills for PID 7
INSERT INTO BILLING (BILLID, AMOUNT, PAYMENT_TYPE, HASPAID, PID) 
VALUES(13, 250, 'CREDIT', 'TRUE', 7);

INSERT INTO BILLING (BILLID, AMOUNT, PAYMENT_TYPE, HASPAID, PID) 
VALUES(14, 300, 'CASH', 'FALSE', 7);

-- Inserting bills for PID 8
INSERT INTO BILLING (BILLID, AMOUNT, PAYMENT_TYPE, HASPAID, PID) 
VALUES(15, 170, 'DEBIT', 'TRUE', 8);

INSERT INTO BILLING (BILLID, AMOUNT, PAYMENT_TYPE, HASPAID, PID) 
VALUES(16, 220, 'CASH', 'FALSE', 8);

-- Inserting bills for PID 9
INSERT INTO BILLING (BILLID, AMOUNT, PAYMENT_TYPE, HASPAID, PID) 
VALUES(17, 190, 'CASH', 'TRUE', 9);

INSERT INTO BILLING (BILLID, AMOUNT, PAYMENT_TYPE, HASPAID, PID) 
VALUES(18, 210, 'DEBIT', 'FALSE', 9);

-- Inserting bills for PID 10
INSERT INTO BILLING (BILLID, AMOUNT, PAYMENT_TYPE, HASPAID, PID) 
VALUES(19, 230, 'CREDIT', 'TRUE', 10);

INSERT INTO BILLING (BILLID, AMOUNT, PAYMENT_TYPE, HASPAID, PID) 
VALUES(20, 180, 'CASH', 'FALSE', 10);

-- Inserting bills for PID 11
INSERT INTO BILLING (BILLID, AMOUNT, PAYMENT_TYPE, HASPAID, PID) 
VALUES(21, 250, 'DEBIT', 'TRUE', 11);

INSERT INTO BILLING (BILLID, AMOUNT, PAYMENT_TYPE, HASPAID, PID) 
VALUES(22, 300, 'CASH', 'FALSE', 11);

-- Inserting bills for PID 12
INSERT INTO BILLING (BILLID, AMOUNT, PAYMENT_TYPE, HASPAID, PID) 
VALUES(23, 170, 'CREDIT', 'TRUE', 12);

INSERT INTO BILLING (BILLID, AMOUNT, PAYMENT_TYPE, HASPAID, PID) 
VALUES(24, 220, 'DEBIT', 'FALSE', 12);

-- Inserting bills for PID 13
INSERT INTO BILLING (BILLID, AMOUNT, PAYMENT_TYPE, HASPAID, PID) 
VALUES(25, 190, 'CASH', 'TRUE', 13);

INSERT INTO BILLING (BILLID, AMOUNT, PAYMENT_TYPE, HASPAID, PID) 
VALUES(26, 210, 'CREDIT', 'FALSE', 13);

-- Inserting bills for PID 14
INSERT INTO BILLING (BILLID, AMOUNT, PAYMENT_TYPE, HASPAID, PID) 
VALUES(27, 230, 'DEBIT', 'TRUE', 14);

INSERT INTO BILLING (BILLID, AMOUNT, PAYMENT_TYPE, HASPAID, PID) 
VALUES(28, 180, 'CASH', 'FALSE', 14);

-- Inserting bills for PID 15
INSERT INTO BILLING (BILLID, AMOUNT, PAYMENT_TYPE, HASPAID, PID) 
VALUES(29, 250, 'CREDIT', 'TRUE', 15);

INSERT INTO BILLING (BILLID, AMOUNT, PAYMENT_TYPE, HASPAID, PID) 
VALUES(30, 300, 'DEBIT', 'FALSE', 15);

-- Inserting bills for PID 16
INSERT INTO BILLING (BILLID, AMOUNT, PAYMENT_TYPE, HASPAID, PID) 
VALUES(31, 170, 'CASH', 'TRUE', 16);

INSERT INTO BILLING (BILLID, AMOUNT, PAYMENT_TYPE, HASPAID, PID) 
VALUES(32, 220, 'CREDIT', 'FALSE', 16);

-- Inserting bills for PID 17
INSERT INTO BILLING (BILLID, AMOUNT, PAYMENT_TYPE, HASPAID, PID) 
VALUES(33, 190, 'DEBIT', 'TRUE', 17);

INSERT INTO BILLING (BILLID, AMOUNT, PAYMENT_TYPE, HASPAID, PID) 
VALUES(34, 210, 'CASH', 'FALSE', 17);

-- Inserting bills for PID 18
INSERT INTO BILLING (BILLID, AMOUNT, PAYMENT_TYPE, HASPAID, PID) 
VALUES(35, 230, 'CREDIT', 'TRUE', 18);

INSERT INTO BILLING (BILLID, AMOUNT, PAYMENT_TYPE, HASPAID, PID) 
VALUES(36, 180, 'DEBIT', 'FALSE', 18);

-- Inserting bills for PID 19
INSERT INTO BILLING (BILLID, AMOUNT, PAYMENT_TYPE, HASPAID, PID) 
VALUES(37, 250, 'CASH', 'TRUE', 19);

INSERT INTO BILLING (BILLID, AMOUNT, PAYMENT_TYPE, HASPAID, PID) 
VALUES(38, 300, 'CREDIT', 'FALSE', 19);

-- Inserting bills for PID 20
INSERT INTO BILLING (BILLID, AMOUNT, PAYMENT_TYPE, HASPAID, PID) 
VALUES(39, 170, 'DEBIT', 'TRUE', 20);

INSERT INTO BILLING (BILLID, AMOUNT, PAYMENT_TYPE, HASPAID, PID) 
VALUES(40, 220, 'CASH', 'FALSE', 20);

COMMIT;

CREATE TABLE CALL_RECORDS
(
  CALL_ID    NUMBER,
  CALL_START_TIME   DATE,
  CALL_END_TIME DATE,
  PID  NUMBER,
  PRIMARY KEY (CALL_ID),
  FOREIGN KEY(PID) REFERENCES PATIENTS(PID)
)
LOGGING 
NOCOMPRESS 
NOCACHE
NOPARALLEL
MONITORING;

INSERT INTO CALL_RECORDS (CALL_ID, CALL_START_TIME, CALL_END_TIME, PID)
VALUES(1, TO_DATE('06/14/2021 01:02:00', 'MM/DD/YYYY HH24:MI:SS'), TO_DATE('06/14/2021 01:07:00', 'MM/DD/YYYY HH24:MI:SS'), 1);
INSERT INTO CALL_RECORDS (CALL_ID, CALL_START_TIME, CALL_END_TIME, PID)
VALUES(2, TO_DATE('06/15/2021 05:23:00', 'MM/DD/YYYY HH24:MI:SS'), TO_DATE('06/15/2021 05:23:00', 'MM/DD/YYYY HH24:MI:SS'), 7);
INSERT INTO CALL_RECORDS (CALL_ID, CALL_START_TIME, CALL_END_TIME, PID)
VALUES(3, TO_DATE('06/16/2021 12:56:00', 'MM/DD/YYYY HH24:MI:SS'), TO_DATE('06/16/2021 12:59:00', 'MM/DD/YYYY HH24:MI:SS'), 19);
INSERT INTO CALL_RECORDS (CALL_ID, CALL_START_TIME, CALL_END_TIME, PID)
VALUES(4, TO_DATE('06/16/2021 01:02:00', 'MM/DD/YYYY HH24:MI:SS'), TO_DATE('06/16/2021 01:56:00', 'MM/DD/YYYY HH24:MI:SS'), 8);
INSERT INTO CALL_RECORDS (CALL_ID, CALL_START_TIME, CALL_END_TIME, PID)
VALUES(5, TO_DATE('06/17/2021 04:05:00', 'MM/DD/YYYY HH24:MI:SS'), TO_DATE('06/17/2021 07:52:00', 'MM/DD/YYYY HH24:MI:SS'), 11);

COMMIT;

CREATE TABLE DOCTORS
(
  DID    NUMBER,
  DNAME   VARCHAR2(100 BYTE),
  SPECIALTY VARCHAR2(100 BYTE),
  SALARY  NUMBER,
  SHIFT VARCHAR2(100 BYTE),
  EMAIL VARCHAR2(100 BYTE),
  PRIMARY KEY (DID)
)
LOGGING 
NOCOMPRESS 
NOCACHE
NOPARALLEL
MONITORING;

INSERT INTO DOCTORS (DID, DNAME, SPECIALTY, SALARY, SHIFT, EMAIL) 
VALUES(1, 'BILL BILLSON', 'PEDIATRICS', 100000, 'EVENING', 'BILLSON@HOSPITAL.COM');
INSERT INTO DOCTORS (DID, DNAME, SPECIALTY, SALARY, SHIFT, EMAIL) 
VALUES(2, 'JIM HENSON', 'CANCER', 200000, 'MORNING', 'HENSON@HOSPITAL.COM');
INSERT INTO DOCTORS (DID, DNAME, SPECIALTY, SALARY, SHIFT, EMAIL) 
VALUES(3, 'BILL BURR', 'GYNACOLOGY', 150000, 'MORNING', 'BURR@HOSPITAL.COM');
INSERT INTO DOCTORS (DID, DNAME, SPECIALTY, SALARY, SHIFT, EMAIL) 
VALUES(4, 'BILLY EILISH', 'DENTIST', 100000, 'EVENING', 'EILISH@HOSPITAL.COM');
INSERT INTO DOCTORS (DID, DNAME, SPECIALTY, SALARY, SHIFT, EMAIL) 
VALUES(5, 'BILL BOOP', 'CANCER', 200000, 'EVENING', 'BOOP@HOSPITAL.COM');
INSERT INTO DOCTORS (DID, DNAME, SPECIALTY, SALARY, SHIFT, EMAIL) 
VALUES(6, 'BILL BOB', 'GENERAL PRACTICIONER', 50000, 'NIGHT', 'BOB@HOSPITAL.COM');
INSERT INTO DOCTORS (DID, DNAME, SPECIALTY, SALARY, SHIFT, EMAIL) 
VALUES(7, 'DILL PICKLE', 'GENERAL PRACTICIONER', 50000, 'NIGHT', 'PICKLE@HOSPITAL.COM');
INSERT INTO DOCTORS (DID, DNAME, SPECIALTY, SALARY, SHIFT, EMAIL) 
VALUES(8, 'BILL CLINTON', 'SURGERY', 500000, 'MORNING', 'CLINTON@HOSPITAL.COM');

COMMIT;

CREATE TABLE NURSES
(
  NID    NUMBER,
  NNAME   VARCHAR2(100 BYTE),
  SALARY  NUMBER,
  SHIFT VARCHAR2(100 BYTE),
  PRIMARY KEY (NID)
)
LOGGING 
NOCOMPRESS 
NOCACHE
NOPARALLEL
MONITORING;

 INSERT INTO NURSES (NID, NNAME, SALARY, SHIFT) 
VALUES (1, 'ROB BUCKET', 30000, 'MORNING');

INSERT INTO NURSES (NID, NNAME, SALARY, SHIFT) 
VALUES (2, 'ALICE SMITH', 32000, 'EVENING');

INSERT INTO NURSES (NID, NNAME, SALARY, SHIFT) 
VALUES (3, 'JOHN DOE', 35000, 'NIGHT');

INSERT INTO NURSES (NID, NNAME, SALARY, SHIFT) 
VALUES (4, 'EMILY JONES', 31000, 'MORNING');

INSERT INTO NURSES (NID, NNAME, SALARY, SHIFT) 
VALUES (5, 'DAVID MILLER', 33000, 'EVENING');

INSERT INTO NURSES (NID, NNAME, SALARY, SHIFT) 
VALUES (6, 'SARAH JOHNSON', 34000, 'NIGHT');

INSERT INTO NURSES (NID, NNAME, SALARY, SHIFT) 
VALUES (7, 'MICHAEL BROWN', 29500, 'MORNING');

INSERT INTO NURSES (NID, NNAME, SALARY, SHIFT) 
VALUES (8, 'JESSICA WILSON', 32500, 'EVENING');

INSERT INTO NURSES (NID, NNAME, SALARY, SHIFT) 
VALUES (9, 'WILLIAM TAYLOR', 35500, 'NIGHT');

INSERT INTO NURSES (NID, NNAME, SALARY, SHIFT) 
VALUES (10, 'AMY MARTIN', 30500, 'MORNING');

INSERT INTO NURSES (NID, NNAME, SALARY, SHIFT) 
VALUES (11, 'ANDREW ANDERSON', 31500, 'EVENING');

INSERT INTO NURSES (NID, NNAME, SALARY, SHIFT) 
VALUES (12, 'OLIVIA THOMAS', 34500, 'NIGHT');

INSERT INTO NURSES (NID, NNAME, SALARY, SHIFT) 
VALUES (13, 'JAMES JACKSON', 29800, 'MORNING');

INSERT INTO NURSES (NID, NNAME, SALARY, SHIFT) 
VALUES (14, 'MARY HARRIS', 32700, 'EVENING');

INSERT INTO NURSES (NID, NNAME, SALARY, SHIFT) 
VALUES (15, 'CHARLES MARTINEZ', 35800, 'NIGHT');

INSERT INTO NURSES (NID, NNAME, SALARY, SHIFT) 
VALUES (16, 'ANGELA LEE', 31200, 'MORNING');

INSERT INTO NURSES (NID, NNAME, SALARY, SHIFT) 
VALUES (17, 'RICHARD GARCIA', 33300, 'EVENING');

INSERT INTO NURSES (NID, NNAME, SALARY, SHIFT) 
VALUES (18, 'ELIZABETH YOUNG', 34700, 'NIGHT');

INSERT INTO NURSES (NID, NNAME, SALARY, SHIFT) 
VALUES (19, 'THOMAS HERNANDEZ', 29700, 'MORNING');

INSERT INTO NURSES (NID, NNAME, SALARY, SHIFT) 
VALUES (20, 'PATRICIA KING', 32900, 'EVENING');

COMMIT;

CREATE TABLE NURSE_ASSIGNMENTS
(
  NID    NUMBER,
  DID   NUMBER,
  DATE_ASSIGNED  DATE,
  PRIMARY KEY(NID, DID),
  FOREIGN KEY(NID) REFERENCES NURSES(NID),
  FOREIGN KEY(DID) REFERENCES DOCTORS(DID)
)
LOGGING 
NOCOMPRESS 
NOCACHE
NOPARALLEL
MONITORING;

-- Nurse 1 assignments
INSERT INTO NURSE_ASSIGNMENTS (NID, DID, DATE_ASSIGNED)
VALUES (1, 1, TO_DATE('01/23/2010', 'MM/DD/YYYY'));
INSERT INTO NURSE_ASSIGNMENTS (NID, DID, DATE_ASSIGNED)
VALUES (1, 2, TO_DATE('02/14/2010', 'MM/DD/YYYY'));

-- Nurse 2 assignments
INSERT INTO NURSE_ASSIGNMENTS (NID, DID, DATE_ASSIGNED)
VALUES (2, 3, TO_DATE('03/07/2010', 'MM/DD/YYYY'));
INSERT INTO NURSE_ASSIGNMENTS (NID, DID, DATE_ASSIGNED)
VALUES (2, 4, TO_DATE('04/30/2010', 'MM/DD/YYYY'));

-- Nurse 3 assignments
INSERT INTO NURSE_ASSIGNMENTS (NID, DID, DATE_ASSIGNED)
VALUES (3, 5, TO_DATE('05/15/2010', 'MM/DD/YYYY'));
INSERT INTO NURSE_ASSIGNMENTS (NID, DID, DATE_ASSIGNED)
VALUES (3, 6, TO_DATE('06/18/2010', 'MM/DD/YYYY'));

-- Nurse 4 assignments
INSERT INTO NURSE_ASSIGNMENTS (NID, DID, DATE_ASSIGNED)
VALUES (4, 7, TO_DATE('07/21/2010', 'MM/DD/YYYY'));
INSERT INTO NURSE_ASSIGNMENTS (NID, DID, DATE_ASSIGNED)
VALUES (4, 1, TO_DATE('08/24/2010', 'MM/DD/YYYY'));

-- Nurse 5 assignments
INSERT INTO NURSE_ASSIGNMENTS (NID, DID, DATE_ASSIGNED)
VALUES (5, 2, TO_DATE('09/10/2010', 'MM/DD/YYYY'));
INSERT INTO NURSE_ASSIGNMENTS (NID, DID, DATE_ASSIGNED)
VALUES (5, 3, TO_DATE('10/12/2010', 'MM/DD/YYYY'));

-- Nurse 6 assignments
INSERT INTO NURSE_ASSIGNMENTS (NID, DID, DATE_ASSIGNED)
VALUES (6, 4, TO_DATE('11/05/2010', 'MM/DD/YYYY'));
INSERT INTO NURSE_ASSIGNMENTS (NID, DID, DATE_ASSIGNED)
VALUES (6, 5, TO_DATE('12/08/2010', 'MM/DD/YYYY'));

-- Nurse 7 assignments
INSERT INTO NURSE_ASSIGNMENTS (NID, DID, DATE_ASSIGNED)
VALUES (7, 6, TO_DATE('01/16/2011', 'MM/DD/YYYY'));
INSERT INTO NURSE_ASSIGNMENTS (NID, DID, DATE_ASSIGNED)
VALUES (7, 7, TO_DATE('02/19/2011', 'MM/DD/YYYY'));

-- Nurse 8 assignments
INSERT INTO NURSE_ASSIGNMENTS (NID, DID, DATE_ASSIGNED)
VALUES (8, 1, TO_DATE('03/22/2011', 'MM/DD/YYYY'));
INSERT INTO NURSE_ASSIGNMENTS (NID, DID, DATE_ASSIGNED)
VALUES (8, 2, TO_DATE('04/25/2011', 'MM/DD/YYYY'));

-- Nurse 9 assignments
INSERT INTO NURSE_ASSIGNMENTS (NID, DID, DATE_ASSIGNED)
VALUES (9, 3, TO_DATE('05/29/2011', 'MM/DD/YYYY'));
INSERT INTO NURSE_ASSIGNMENTS (NID, DID, DATE_ASSIGNED)
VALUES (9, 4, TO_DATE('06/30/2011', 'MM/DD/YYYY'));

-- Nurse 10 assignments
INSERT INTO NURSE_ASSIGNMENTS (NID, DID, DATE_ASSIGNED)
VALUES (10, 5, TO_DATE('07/15/2011', 'MM/DD/YYYY'));
INSERT INTO NURSE_ASSIGNMENTS (NID, DID, DATE_ASSIGNED)
VALUES (10, 6, TO_DATE('08/18/2011', 'MM/DD/YYYY'));

-- Nurse 11 assignments
INSERT INTO NURSE_ASSIGNMENTS (NID, DID, DATE_ASSIGNED)
VALUES (11, 7, TO_DATE('09/21/2011', 'MM/DD/YYYY'));
INSERT INTO NURSE_ASSIGNMENTS (NID, DID, DATE_ASSIGNED)
VALUES (11, 1, TO_DATE('10/24/2011', 'MM/DD/YYYY'));

-- Nurse 12 assignments
INSERT INTO NURSE_ASSIGNMENTS (NID, DID, DATE_ASSIGNED)
VALUES (12, 2, TO_DATE('11/27/2011', 'MM/DD/YYYY'));
INSERT INTO NURSE_ASSIGNMENTS (NID, DID, DATE_ASSIGNED)
VALUES (12, 3, TO_DATE('12/30/2011', 'MM/DD/YYYY'));

-- Nurse 13 assignments
INSERT INTO NURSE_ASSIGNMENTS (NID, DID, DATE_ASSIGNED)
VALUES (13, 4, TO_DATE('01/07/2012', 'MM/DD/YYYY'));
INSERT INTO NURSE_ASSIGNMENTS (NID, DID, DATE_ASSIGNED)
VALUES (13, 5, TO_DATE('02/09/2012', 'MM/DD/YYYY'));

-- Nurse 14 assignments
INSERT INTO NURSE_ASSIGNMENTS (NID, DID, DATE_ASSIGNED)
VALUES (14, 6, TO_DATE('03/15/2012', 'MM/DD/YYYY'));
INSERT INTO NURSE_ASSIGNMENTS (NID, DID, DATE_ASSIGNED)
VALUES (14, 7, TO_DATE('04/18/2012', 'MM/DD/YYYY'));

-- Nurse 15 assignments
INSERT INTO NURSE_ASSIGNMENTS (NID, DID, DATE_ASSIGNED)
VALUES (15, 1, TO_DATE('05/21/2012', 'MM/DD/YYYY'));
INSERT INTO NURSE_ASSIGNMENTS (NID, DID, DATE_ASSIGNED)
VALUES (15, 2, TO_DATE('06/24/2012', 'MM/DD/YYYY'));

-- Nurse 16 assignments
INSERT INTO NURSE_ASSIGNMENTS (NID, DID, DATE_ASSIGNED)
VALUES (16, 3, TO_DATE('07/28/2012', 'MM/DD/YYYY'));
INSERT INTO NURSE_ASSIGNMENTS (NID, DID, DATE_ASSIGNED)
VALUES (16, 4, TO_DATE('08/31/2012', 'MM/DD/YYYY'));

-- Nurse 17 assignments
INSERT INTO NURSE_ASSIGNMENTS (NID, DID, DATE_ASSIGNED)
VALUES (17, 5, TO_DATE('09/05/2012', 'MM/DD/YYYY'));
INSERT INTO NURSE_ASSIGNMENTS (NID, DID, DATE_ASSIGNED)
VALUES (17, 6, TO_DATE('10/08/2012', 'MM/DD/YYYY'));

-- Nurse 18 assignments
INSERT INTO NURSE_ASSIGNMENTS (NID, DID, DATE_ASSIGNED)
VALUES (18, 7, TO_DATE('11/14/2012', 'MM/DD/YYYY'));
INSERT INTO NURSE_ASSIGNMENTS (NID, DID, DATE_ASSIGNED)
VALUES (18, 1, TO_DATE('12/17/2012', 'MM/DD/YYYY'));

-- Nurse 19 assignments
INSERT INTO NURSE_ASSIGNMENTS (NID, DID, DATE_ASSIGNED)
VALUES (19, 2, TO_DATE('01/23/2013', 'MM/DD/YYYY'));
INSERT INTO NURSE_ASSIGNMENTS (NID, DID, DATE_ASSIGNED)
VALUES (19, 3, TO_DATE('02/26/2013', 'MM/DD/YYYY'));

-- Nurse 20 assignments
INSERT INTO NURSE_ASSIGNMENTS (NID, DID, DATE_ASSIGNED)
VALUES (20, 4, TO_DATE('03/31/2013', 'MM/DD/YYYY'));
INSERT INTO NURSE_ASSIGNMENTS (NID, DID, DATE_ASSIGNED)
VALUES (20, 5, TO_DATE('04/30/2013', 'MM/DD/YYYY'));

COMMIT;

CREATE TABLE WARDBOYS
(
  WBID    NUMBER,
  WBNAME   VARCHAR2(100 BYTE),
  SALARY  NUMBER,
  SHIFT VARCHAR2(100 BYTE),
  PRIMARY KEY (WBID)
)
LOGGING 
NOCOMPRESS 
NOCACHE
NOPARALLEL
MONITORING;

-- Wardboy 1
INSERT INTO WARDBOYS (WBID, WBNAME, SALARY, SHIFT) 
VALUES (1, 'RONALD ROOSTER', 20000, 'MORNING');

-- Wardboy 2
INSERT INTO WARDBOYS (WBID, WBNAME, SALARY, SHIFT) 
VALUES (2, 'WALTER WOLF', 21000, 'EVENING');

-- Wardboy 3
INSERT INTO WARDBOYS (WBID, WBNAME, SALARY, SHIFT) 
VALUES (3, 'SAMMY SQUIRREL', 20500, 'NIGHT');

-- Wardboy 4
INSERT INTO WARDBOYS (WBID, WBNAME, SALARY, SHIFT) 
VALUES (4, 'FREDDY FOX', 22000, 'MORNING');

-- Wardboy 5
INSERT INTO WARDBOYS (WBID, WBNAME, SALARY, SHIFT) 
VALUES (5, 'BILLY BUNNY', 21500, 'EVENING');

-- Wardboy 6
INSERT INTO WARDBOYS (WBID, WBNAME, SALARY, SHIFT) 
VALUES (6, 'TEDDY TURTLE', 22500, 'NIGHT');

-- Wardboy 7
INSERT INTO WARDBOYS (WBID, WBNAME, SALARY, SHIFT) 
VALUES (7, 'GARY GORILLA', 23000, 'MORNING');

-- Wardboy 8
INSERT INTO WARDBOYS (WBID, WBNAME, SALARY, SHIFT) 
VALUES (8, 'RICKY RACCOON', 23500, 'EVENING');

-- Wardboy 9
INSERT INTO WARDBOYS (WBID, WBNAME, SALARY, SHIFT) 
VALUES (9, 'TERRY TIGER', 24000, 'NIGHT');

-- Wardboy 10
INSERT INTO WARDBOYS (WBID, WBNAME, SALARY, SHIFT) 
VALUES (10, 'DANNY DEER', 24500, 'MORNING');

-- Wardboy 11
INSERT INTO WARDBOYS (WBID, WBNAME, SALARY, SHIFT) 
VALUES (11, 'LOUIE LION', 25000, 'EVENING');

-- Wardboy 12
INSERT INTO WARDBOYS (WBID, WBNAME, SALARY, SHIFT) 
VALUES (12, 'BENNY BEAR', 25500, 'NIGHT');

-- Wardboy 13
INSERT INTO WARDBOYS (WBID, WBNAME, SALARY, SHIFT) 
VALUES (13, 'JERRY JACKAL', 26000, 'MORNING');

-- Wardboy 14
INSERT INTO WARDBOYS (WBID, WBNAME, SALARY, SHIFT) 
VALUES (14, 'JOEY JAGUAR', 26500, 'EVENING');

-- Wardboy 15
INSERT INTO WARDBOYS (WBID, WBNAME, SALARY, SHIFT) 
VALUES (15, 'WALLY WALRUS', 27000, 'NIGHT');

-- Wardboy 16
INSERT INTO WARDBOYS (WBID, WBNAME, SALARY, SHIFT) 
VALUES (16, 'HARRY HYENA', 27500, 'MORNING');

-- Wardboy 17
INSERT INTO WARDBOYS (WBID, WBNAME, SALARY, SHIFT) 
VALUES (17, 'PERRY PANTHER', 28000, 'EVENING');

-- Wardboy 18
INSERT INTO WARDBOYS (WBID, WBNAME, SALARY, SHIFT) 
VALUES (18, 'SAMMY SNAKE', 28500, 'NIGHT');

-- Wardboy 19
INSERT INTO WARDBOYS (WBID, WBNAME, SALARY, SHIFT) 
VALUES (19, 'JIMMY JAY', 29000, 'MORNING');

-- Wardboy 20
INSERT INTO WARDBOYS (WBID, WBNAME, SALARY, SHIFT) 
VALUES (20, 'TIMMY TURTLE', 29500, 'EVENING');

COMMIT;

CREATE TABLE WARDBOY_ASSIGNMENTS
(
  DID    NUMBER,
  WBID   NUMBER ,
  DATE_ASSIGNED  DATE,
  PRIMARY KEY(DID, WBID),
  FOREIGN KEY(DID) REFERENCES DOCTORS(DID),
  FOREIGN KEY(WBID) REFERENCES WARDBOYS(WBID)
)
LOGGING 
NOCOMPRESS 
NOCACHE
NOPARALLEL
MONITORING;

-- Wardboy 1 assignments
INSERT INTO WARDBOY_ASSIGNMENTS (DID, WBID, DATE_ASSIGNED)
VALUES (1, 1, TO_DATE('01/23/2010', 'MM/DD/YYYY'));
INSERT INTO WARDBOY_ASSIGNMENTS (DID, WBID, DATE_ASSIGNED)
VALUES (2, 1, TO_DATE('02/14/2010', 'MM/DD/YYYY'));

-- Wardboy 2 assignments
INSERT INTO WARDBOY_ASSIGNMENTS (DID, WBID, DATE_ASSIGNED)
VALUES (3, 2, TO_DATE('03/07/2010', 'MM/DD/YYYY'));
INSERT INTO WARDBOY_ASSIGNMENTS (DID, WBID, DATE_ASSIGNED)
VALUES (4, 2, TO_DATE('04/30/2010', 'MM/DD/YYYY'));

-- Wardboy 3 assignments
INSERT INTO WARDBOY_ASSIGNMENTS (DID, WBID, DATE_ASSIGNED)
VALUES (5, 3, TO_DATE('05/15/2010', 'MM/DD/YYYY'));
INSERT INTO WARDBOY_ASSIGNMENTS (DID, WBID, DATE_ASSIGNED)
VALUES (6, 3, TO_DATE('06/18/2010', 'MM/DD/YYYY'));

-- Wardboy 4 assignments
INSERT INTO WARDBOY_ASSIGNMENTS (DID, WBID, DATE_ASSIGNED)
VALUES (1, 4, TO_DATE('07/21/2010', 'MM/DD/YYYY'));
INSERT INTO WARDBOY_ASSIGNMENTS (DID, WBID, DATE_ASSIGNED)
VALUES (2, 4, TO_DATE('08/24/2010', 'MM/DD/YYYY'));

-- Wardboy 5 assignments
INSERT INTO WARDBOY_ASSIGNMENTS (DID, WBID, DATE_ASSIGNED)
VALUES (3, 5, TO_DATE('09/10/2010', 'MM/DD/YYYY'));
INSERT INTO WARDBOY_ASSIGNMENTS (DID, WBID, DATE_ASSIGNED)
VALUES (4, 5, TO_DATE('10/12/2010', 'MM/DD/YYYY'));

-- Wardboy 6 assignments
INSERT INTO WARDBOY_ASSIGNMENTS (DID, WBID, DATE_ASSIGNED)
VALUES (5, 6, TO_DATE('11/05/2010', 'MM/DD/YYYY'));
INSERT INTO WARDBOY_ASSIGNMENTS (DID, WBID, DATE_ASSIGNED)
VALUES (6, 6, TO_DATE('12/08/2010', 'MM/DD/YYYY'));

-- Wardboy 7 assignments
INSERT INTO WARDBOY_ASSIGNMENTS (DID, WBID, DATE_ASSIGNED)
VALUES (1, 7, TO_DATE('01/16/2011', 'MM/DD/YYYY'));
INSERT INTO WARDBOY_ASSIGNMENTS (DID, WBID, DATE_ASSIGNED)
VALUES (2, 7, TO_DATE('02/19/2011', 'MM/DD/YYYY'));

-- Wardboy 8 assignments
INSERT INTO WARDBOY_ASSIGNMENTS (DID, WBID, DATE_ASSIGNED)
VALUES (3, 8, TO_DATE('03/22/2011', 'MM/DD/YYYY'));
INSERT INTO WARDBOY_ASSIGNMENTS (DID, WBID, DATE_ASSIGNED)
VALUES (4, 8, TO_DATE('04/25/2011', 'MM/DD/YYYY'));

-- Wardboy 9 assignments
INSERT INTO WARDBOY_ASSIGNMENTS (DID, WBID, DATE_ASSIGNED)
VALUES (5, 9, TO_DATE('05/29/2011', 'MM/DD/YYYY'));
INSERT INTO WARDBOY_ASSIGNMENTS (DID, WBID, DATE_ASSIGNED)
VALUES (6, 9, TO_DATE('06/30/2011', 'MM/DD/YYYY'));

-- Wardboy 10 assignments
INSERT INTO WARDBOY_ASSIGNMENTS (DID, WBID, DATE_ASSIGNED)
VALUES (1, 10, TO_DATE('07/15/2011', 'MM/DD/YYYY'));
INSERT INTO WARDBOY_ASSIGNMENTS (DID, WBID, DATE_ASSIGNED)
VALUES (2, 10, TO_DATE('08/18/2011', 'MM/DD/YYYY'));

-- Wardboy 11 assignments
INSERT INTO WARDBOY_ASSIGNMENTS (DID, WBID, DATE_ASSIGNED)
VALUES (3, 11, TO_DATE('09/21/2011', 'MM/DD/YYYY'));
INSERT INTO WARDBOY_ASSIGNMENTS (DID, WBID, DATE_ASSIGNED)
VALUES (4, 11, TO_DATE('10/24/2011', 'MM/DD/YYYY'));

-- Wardboy 12 assignments
INSERT INTO WARDBOY_ASSIGNMENTS (DID, WBID, DATE_ASSIGNED)
VALUES (5, 12, TO_DATE('11/27/2011', 'MM/DD/YYYY'));
INSERT INTO WARDBOY_ASSIGNMENTS (DID, WBID, DATE_ASSIGNED)
VALUES (6, 12, TO_DATE('12/30/2011', 'MM/DD/YYYY'));

-- Wardboy 13 assignments
INSERT INTO WARDBOY_ASSIGNMENTS (DID, WBID, DATE_ASSIGNED)
VALUES (1, 13, TO_DATE('01/31/2012', 'MM/DD/YYYY'));
INSERT INTO WARDBOY_ASSIGNMENTS (DID, WBID, DATE_ASSIGNED)
VALUES (2, 13, TO_DATE('02/29/2012', 'MM/DD/YYYY'));

-- Wardboy 14 assignments
INSERT INTO WARDBOY_ASSIGNMENTS (DID, WBID, DATE_ASSIGNED)
VALUES (3, 14, TO_DATE('03/05/2012', 'MM/DD/YYYY'));
INSERT INTO WARDBOY_ASSIGNMENTS (DID, WBID, DATE_ASSIGNED)
VALUES (4, 14, TO_DATE('04/08/2012', 'MM/DD/YYYY'));

-- Wardboy 15 assignments
INSERT INTO WARDBOY_ASSIGNMENTS (DID, WBID, DATE_ASSIGNED)
VALUES (5, 15, TO_DATE('05/11/2012', 'MM/DD/YYYY'));
INSERT INTO WARDBOY_ASSIGNMENTS (DID, WBID, DATE_ASSIGNED)
VALUES (6, 15, TO_DATE('06/14/2012', 'MM/DD/YYYY'));

-- Wardboy 16 assignments
INSERT INTO WARDBOY_ASSIGNMENTS (DID, WBID, DATE_ASSIGNED)
VALUES (1, 16, TO_DATE('07/17/2012', 'MM/DD/YYYY'));
INSERT INTO WARDBOY_ASSIGNMENTS (DID, WBID, DATE_ASSIGNED)
VALUES (2, 16, TO_DATE('08/20/2012', 'MM/DD/YYYY'));

-- Wardboy 17 assignments
INSERT INTO WARDBOY_ASSIGNMENTS (DID, WBID, DATE_ASSIGNED)
VALUES (3, 17, TO_DATE('09/23/2012', 'MM/DD/YYYY'));
INSERT INTO WARDBOY_ASSIGNMENTS (DID, WBID, DATE_ASSIGNED)
VALUES (4, 17, TO_DATE('10/26/2012', 'MM/DD/YYYY'));

-- Wardboy 18 assignments
INSERT INTO WARDBOY_ASSIGNMENTS (DID, WBID, DATE_ASSIGNED)
VALUES (5, 18, TO_DATE('11/29/2012', 'MM/DD/YYYY'));
INSERT INTO WARDBOY_ASSIGNMENTS (DID, WBID, DATE_ASSIGNED)
VALUES (6, 18, TO_DATE('12/31/2012', 'MM/DD/YYYY'));

-- Wardboy 19 assignments
INSERT INTO WARDBOY_ASSIGNMENTS (DID, WBID, DATE_ASSIGNED)
VALUES (1, 19, TO_DATE('01/02/2013', 'MM/DD/YYYY'));
INSERT INTO WARDBOY_ASSIGNMENTS (DID, WBID, DATE_ASSIGNED)
VALUES (2, 19, TO_DATE('02/05/2013', 'MM/DD/YYYY'));

-- Wardboy 20 assignments
INSERT INTO WARDBOY_ASSIGNMENTS (DID, WBID, DATE_ASSIGNED)
VALUES (3, 20, TO_DATE('03/10/2013', 'MM/DD/YYYY'));
INSERT INTO WARDBOY_ASSIGNMENTS (DID, WBID, DATE_ASSIGNED)
VALUES (4, 20, TO_DATE('04/13/2013', 'MM/DD/YYYY'));

COMMIT;

CREATE TABLE ROOM_FACILITIES
(
  RID    NUMBER,
  DID   NUMBER,
  NID NUMBER, 
  WBID  NUMBER, 
  LAST_CLEANED DATE,
  NUM_BEDS NUMBER,
  PRIMARY KEY (RID),
  FOREIGN KEY (DID) REFERENCES DOCTORS(DID),
  FOREIGN KEY (NID) REFERENCES NURSES(NID),
  FOREIGN KEY (WBID) REFERENCES WARDBOYS(WBID)
)
LOGGING 
NOCOMPRESS 
NOCACHE
NOPARALLEL
MONITORING;

-- For RIDs 1-10 and DIDs 1-7 with different WBIDs and NIDs between 1 and 20
INSERT INTO ROOM_FACILITIES (RID, DID, NID, WBID, LAST_CLEANED, NUM_BEDS) 
VALUES (1, 1, 1, 11, TO_DATE('04/13/2013', 'MM/DD/YYYY'), 3);

INSERT INTO ROOM_FACILITIES (RID, DID, NID, WBID, LAST_CLEANED, NUM_BEDS) 
VALUES (1, 2, 2, 12, TO_DATE('02/13/2013', 'MM/DD/YYYY'), 3);

INSERT INTO ROOM_FACILITIES (RID, DID, NID, WBID, LAST_CLEANED, NUM_BEDS) 
VALUES (1, 3, 3, 13, TO_DATE('02/17/2013', 'MM/DD/YYYY'), 3);

INSERT INTO ROOM_FACILITIES (RID, DID, NID, WBID, LAST_CLEANED, NUM_BEDS) 
VALUES (1, 4, 4, 14, TO_DATE('06/23/2019', 'MM/DD/YYYY'), 3);

INSERT INTO ROOM_FACILITIES (RID, DID, NID, WBID, LAST_CLEANED, NUM_BEDS) 
VALUES (1, 5, 5, 15, TO_DATE('04/13/2013', 'MM/DD/YYYY'), 3);

INSERT INTO ROOM_FACILITIES (RID, DID, NID, WBID, LAST_CLEANED, NUM_BEDS) 
VALUES (1, 6, 6, 16, TO_DATE('04/13/2013', 'MM/DD/YYYY'), 3);

INSERT INTO ROOM_FACILITIES (RID, DID, NID, WBID, LAST_CLEANED, NUM_BEDS) 
VALUES (1, 7, 7, 17, TO_DATE('06/06/2015', 'MM/DD/YYYY'), 3);

INSERT INTO ROOM_FACILITIES (RID, DID, NID, WBID, LAST_CLEANED, NUM_BEDS) 
VALUES (2, 1, 8, 18, TO_DATE('06/13/2013', 'MM/DD/YYYY'), 3);

INSERT INTO ROOM_FACILITIES (RID, DID, NID, WBID, LAST_CLEANED, NUM_BEDS) 
VALUES (2, 2, 9, 19, TO_DATE('04/13/2013', 'MM/DD/YYYY'), 3);

-- For RIDs 2-10 and DIDs 1-7 with different WBIDs and NIDs between 1 and 20
INSERT INTO ROOM_FACILITIES (RID, DID, NID, WBID, LAST_CLEANED, NUM_BEDS) 
VALUES (2, 3, 10, 20, TO_DATE('01/13/2013', 'MM/DD/YYYY'), 3);

INSERT INTO ROOM_FACILITIES (RID, DID, NID, WBID, LAST_CLEANED, NUM_BEDS) 
VALUES (2, 4, 11, 1, TO_DATE('02/13/2013', 'MM/DD/YYYY'), 3);

-- For RIDs 3-10 and DIDs 1-7 with different WBIDs and NIDs between 1 and 20
INSERT INTO ROOM_FACILITIES (RID, DID, NID, WBID, LAST_CLEANED, NUM_BEDS) 
VALUES (3, 1, 2, 2, TO_DATE('04/22/2013', 'MM/DD/YYYY'), 3);

INSERT INTO ROOM_FACILITIES (RID, DID, NID, WBID, LAST_CLEANED, NUM_BEDS) 
VALUES (3, 2, 3, 3, TO_DATE('04/13/2013', 'MM/DD/YYYY'), 3);

-- For RIDs 4-10 and DIDs 1-7 with different WBIDs and NIDs between 1 and 20
INSERT INTO ROOM_FACILITIES (RID, DID, NID, WBID, LAST_CLEANED, NUM_BEDS) 
VALUES (4, 1, 4, 4, TO_DATE('04/13/2013', 'MM/DD/YYYY'), 3);

INSERT INTO ROOM_FACILITIES (RID, DID, NID, WBID, LAST_CLEANED, NUM_BEDS) 
VALUES (4, 2, 5, 5, TO_DATE('05/13/2020', 'MM/DD/YYYY'), 3);

-- For RIDs 5-10 and DIDs 1-7 with different WBIDs and NIDs between 1 and 20
INSERT INTO ROOM_FACILITIES (RID, DID, NID, WBID, LAST_CLEANED, NUM_BEDS) 
VALUES (5, 1, 6, 6, TO_DATE('07/13/2017', 'MM/DD/YYYY'), 3);

INSERT INTO ROOM_FACILITIES (RID, DID, NID, WBID, LAST_CLEANED, NUM_BEDS) 
VALUES (5, 2, 7, 7, TO_DATE('07/13/2013', 'MM/DD/YYYY'), 3);

-- For RIDs 6-10 and DIDs 1-7 with different WBIDs and NIDs between 1 and 20
INSERT INTO ROOM_FACILITIES (RID, DID, NID, WBID, LAST_CLEANED, NUM_BEDS) 
VALUES (6, 1, 8, 8, TO_DATE('04/13/2013', 'MM/DD/YYYY'), 3);

INSERT INTO ROOM_FACILITIES (RID, DID, NID, WBID, LAST_CLEANED, NUM_BEDS) 
VALUES (6, 2, 9, 9, TO_DATE('04/13/2013', 'MM/DD/YYYY'), 3);

-- For RIDs 7-10 and DIDs 1-7 with different WBIDs and NIDs between 1 and 20
INSERT INTO ROOM_FACILITIES (RID, DID, NID, WBID, LAST_CLEANED, NUM_BEDS) 
VALUES (7, 1, 10, 10, TO_DATE('12/13/2013', 'MM/DD/YYYY'), 3);

INSERT INTO ROOM_FACILITIES (RID, DID, NID, WBID, LAST_CLEANED, NUM_BEDS) 
VALUES (7, 2, 11, 11, TO_DATE('04/22/2013', 'MM/DD/YYYY'), 3);

-- For RIDs 8-10 and DIDs 1-7 with different WBIDs and NIDs between 1 and 20
INSERT INTO ROOM_FACILITIES (RID, DID, NID, WBID, LAST_CLEANED, NUM_BEDS) 
VALUES (8, 1, 12, 12, TO_DATE('04/16/2013', 'MM/DD/YYYY'), 3);

INSERT INTO ROOM_FACILITIES (RID, DID, NID, WBID, LAST_CLEANED, NUM_BEDS) 
VALUES (8, 2, 13, 13, TO_DATE('11/11/2013', 'MM/DD/YYYY'), 3);

-- For RIDs 9-10 and DIDs 1-7 with different WBIDs and NIDs between 1 and 20
INSERT INTO ROOM_FACILITIES (RID, DID, NID, WBID, LAST_CLEANED, NUM_BEDS) 
VALUES (9, 1, 14, 14, TO_DATE('11/23/2019', 'MM/DD/YYYY'), 3);

INSERT INTO ROOM_FACILITIES (RID, DID, NID, WBID, LAST_CLEANED, NUM_BEDS) 
VALUES (9, 2, 15, 15, TO_DATE('10/22/2019', 'MM/DD/YYYY'), 3);

-- For RID 10 and DIDs 1-7 with different WBIDs and NIDs between 1 and 20
INSERT INTO ROOM_FACILITIES (RID, DID, NID, WBID, LAST_CLEANED, NUM_BEDS) 
VALUES (10, 1, 16, 16, TO_DATE('01/11/2019', 'MM/DD/YYYY'), 3);

INSERT INTO ROOM_FACILITIES (RID, DID, NID, WBID, LAST_CLEANED, NUM_BEDS) 
VALUES (10, 2, 17, 17, TO_DATE('01/01/2019', 'MM/DD/YYYY'), 3);

COMMIT;

CREATE TABLE ROOM_ASSIGNMENTS
(
  RID    NUMBER,
  PID   NUMBER,
  DATE_ASSIGNMENT DATE,
  PRIMARY KEY(RID, PID),
  FOREIGN KEY(RID) REFERENCES ROOM_FACILITIES(RID)
  FOREIGN KEY(PID) REFERENCES PATIENTS(PID)
)
LOGGING 
NOCOMPRESS 
NOCACHE
NOPARALLEL
MONITORING;

-- For RID 1, PID 1, and a date between 2010 and 2020
INSERT INTO ROOM_ASSIGNMENTS (RID, PID, DATE_ASSIGNMENT)
VALUES (1, 1, TO_DATE('01/01/2010', 'MM/DD/YYYY'));

-- For RID 2, PID 2, and a date between 2010 and 2020
INSERT INTO ROOM_ASSIGNMENTS (RID, PID, DATE_ASSIGNMENT)
VALUES (2, 2, TO_DATE('02/02/2010', 'MM/DD/YYYY'));

-- For RID 3, PID 3, and a date between 2010 and 2020
INSERT INTO ROOM_ASSIGNMENTS (RID, PID, DATE_ASSIGNMENT)
VALUES (3, 3, TO_DATE('03/03/2010', 'MM/DD/YYYY'));

-- For RID 4, PID 4, and a date between 2010 and 2020
INSERT INTO ROOM_ASSIGNMENTS (RID, PID, DATE_ASSIGNMENT)
VALUES (4, 4, TO_DATE('04/04/2010', 'MM/DD/YYYY'));

-- For RID 5, PID 5, and a date between 2010 and 2020
INSERT INTO ROOM_ASSIGNMENTS (RID, PID, DATE_ASSIGNMENT)
VALUES (5, 5, TO_DATE('05/05/2010', 'MM/DD/YYYY'));

-- For RID 6, PID 6, and a date between 2010 and 2020
INSERT INTO ROOM_ASSIGNMENTS (RID, PID, DATE_ASSIGNMENT)
VALUES (6, 6, TO_DATE('06/06/2010', 'MM/DD/YYYY'));

-- For RID 7, PID 7, and a date between 2010 and 2020
INSERT INTO ROOM_ASSIGNMENTS (RID, PID, DATE_ASSIGNMENT)
VALUES (7, 7, TO_DATE('07/07/2010', 'MM/DD/YYYY'));

-- For RID 8, PID 8, and a date between 2010 and 2020
INSERT INTO ROOM_ASSIGNMENTS (RID, PID, DATE_ASSIGNMENT)
VALUES (8, 8, TO_DATE('08/08/2010', 'MM/DD/YYYY'));

-- For RID 9, PID 9, and a date between 2010 and 2020
INSERT INTO ROOM_ASSIGNMENTS (RID, PID, DATE_ASSIGNMENT)
VALUES (9, 9, TO_DATE('09/09/2010', 'MM/DD/YYYY'));

-- For RID 10, PID 10, and a date between 2010 and 2020
INSERT INTO ROOM_ASSIGNMENTS (RID, PID, DATE_ASSIGNMENT)
VALUES (10, 10, TO_DATE('10/10/2010', 'MM/DD/YYYY'));

-- For RID 1, PID 11, and a date between 2010 and 2020
INSERT INTO ROOM_ASSIGNMENTS (RID, PID, DATE_ASSIGNMENT)
VALUES (1, 11, TO_DATE('11/11/2010', 'MM/DD/YYYY'));

-- For RID 2, PID 12, and a date between 2010 and 2020
INSERT INTO ROOM_ASSIGNMENTS (RID, PID, DATE_ASSIGNMENT)
VALUES (2, 12, TO_DATE('12/12/2010', 'MM/DD/YYYY'));

-- For RID 3, PID 13, and a date between 2010 and 2020
INSERT INTO ROOM_ASSIGNMENTS (RID, PID, DATE_ASSIGNMENT)
VALUES (3, 13, TO_DATE('01/01/2011', 'MM/DD/YYYY'));

-- For RID 4, PID 14, and a date between 2010 and 2020
INSERT INTO ROOM_ASSIGNMENTS (RID, PID, DATE_ASSIGNMENT)
VALUES (4, 14, TO_DATE('02/02/2011', 'MM/DD/YYYY'));

-- For RID 5, PID 15, and a date between 2010 and 2020
INSERT INTO ROOM_ASSIGNMENTS (RID, PID, DATE_ASSIGNMENT)
VALUES (5, 15, TO_DATE('03/03/2011', 'MM/DD/YYYY'));

-- For RID 6, PID 16, and a date between 2010 and 2020
INSERT INTO ROOM_ASSIGNMENTS (RID, PID, DATE_ASSIGNMENT)
VALUES (6, 16, TO_DATE('04/04/2011', 'MM/DD/YYYY'));

-- For RID 7, PID 17, and a date between 2010 and 2020
INSERT INTO ROOM_ASSIGNMENTS (RID, PID, DATE_ASSIGNMENT)
VALUES (7, 17, TO_DATE('05/05/2011', 'MM/DD/YYYY'));

-- For RID 8, PID 18, and a date between 2010 and 2020
INSERT INTO ROOM_ASSIGNMENTS (RID, PID, DATE_ASSIGNMENT)
VALUES (8, 18, TO_DATE('06/06/2011', 'MM/DD/YYYY'));

-- For RID 9, PID 19, and a date between 2010 and 2020
INSERT INTO ROOM_ASSIGNMENTS (RID, PID, DATE_ASSIGNMENT)
VALUES (9, 19, TO_DATE('07/07/2011', 'MM/DD/YYYY'));

-- For RID 10, PID 20, and a date between 2010 and 2020
INSERT INTO ROOM_ASSIGNMENTS (RID, PID, DATE_ASSIGNMENT)
VALUES (10, 20, TO_DATE('08/08/2011', 'MM/DD/YYYY'));

COMMIT;

CREATE TABLE DOCTOR_ASSIGNMENTS
(
  DID    NUMBER,
  PID   NUMBER,
  DATE_ASSIGNMENT DATE,
    PRIMARY KEY(DID, PID),
  FOREIGN KEY(DID) REFERENCES DOCTORS(DID),
  FOREIGN KEY(PID) REFERENCES PATIENTS(PID)
)
LOGGING 
NOCOMPRESS 
NOCACHE
NOPARALLEL
MONITORING;

-- Query 1
INSERT INTO DOCTOR_ASSIGNMENTS (DID, PID, DATE_ASSIGNMENT)
VALUES (1, 1, TO_DATE('01/01/2010', 'MM/DD/YYYY'));

-- Query 2
INSERT INTO DOCTOR_ASSIGNMENTS (DID, PID, DATE_ASSIGNMENT)
VALUES (2, 2, TO_DATE('02/02/2010', 'MM/DD/YYYY'));

-- Query 3
INSERT INTO DOCTOR_ASSIGNMENTS (DID, PID, DATE_ASSIGNMENT)
VALUES (3, 3, TO_DATE('03/03/2010', 'MM/DD/YYYY'));

-- Query 4
INSERT INTO DOCTOR_ASSIGNMENTS (DID, PID, DATE_ASSIGNMENT)
VALUES (4, 4, TO_DATE('04/04/2010', 'MM/DD/YYYY'));

-- Query 5
INSERT INTO DOCTOR_ASSIGNMENTS (DID, PID, DATE_ASSIGNMENT)
VALUES (5, 5, TO_DATE('05/05/2010', 'MM/DD/YYYY'));

-- Query 6
INSERT INTO DOCTOR_ASSIGNMENTS (DID, PID, DATE_ASSIGNMENT)
VALUES (6, 6, TO_DATE('06/06/2010', 'MM/DD/YYYY'));

-- Query 7
INSERT INTO DOCTOR_ASSIGNMENTS (DID, PID, DATE_ASSIGNMENT)
VALUES (7, 7, TO_DATE('07/07/2010', 'MM/DD/YYYY'));

-- Query 8
INSERT INTO DOCTOR_ASSIGNMENTS (DID, PID, DATE_ASSIGNMENT)
VALUES (1, 8, TO_DATE('08/08/2010', 'MM/DD/YYYY'));

-- Query 9
INSERT INTO DOCTOR_ASSIGNMENTS (DID, PID, DATE_ASSIGNMENT)
VALUES (2, 9, TO_DATE('09/09/2010', 'MM/DD/YYYY'));

-- Query 10
INSERT INTO DOCTOR_ASSIGNMENTS (DID, PID, DATE_ASSIGNMENT)
VALUES (3, 10, TO_DATE('10/10/2010', 'MM/DD/YYYY'));

-- Query 11
INSERT INTO DOCTOR_ASSIGNMENTS (DID, PID, DATE_ASSIGNMENT)
VALUES (4, 11, TO_DATE('11/11/2010', 'MM/DD/YYYY'));

-- Query 12
INSERT INTO DOCTOR_ASSIGNMENTS (DID, PID, DATE_ASSIGNMENT)
VALUES (5, 12, TO_DATE('12/12/2010', 'MM/DD/YYYY'));

-- Query 13
INSERT INTO DOCTOR_ASSIGNMENTS (DID, PID, DATE_ASSIGNMENT)
VALUES (6, 13, TO_DATE('01/01/2011', 'MM/DD/YYYY'));

-- Query 14
INSERT INTO DOCTOR_ASSIGNMENTS (DID, PID, DATE_ASSIGNMENT)
VALUES (7, 14, TO_DATE('02/02/2011', 'MM/DD/YYYY'));

-- Query 15
INSERT INTO DOCTOR_ASSIGNMENTS (DID, PID, DATE_ASSIGNMENT)
VALUES (1, 15, TO_DATE('03/03/2011', 'MM/DD/YYYY'));

-- Query 16
INSERT INTO DOCTOR_ASSIGNMENTS (DID, PID, DATE_ASSIGNMENT)
VALUES (2, 16, TO_DATE('04/04/2011', 'MM/DD/YYYY'));

-- Query 17
INSERT INTO DOCTOR_ASSIGNMENTS (DID, PID, DATE_ASSIGNMENT)
VALUES (3, 17, TO_DATE('05/05/2011', 'MM/DD/YYYY'));

-- Query 18
INSERT INTO DOCTOR_ASSIGNMENTS (DID, PID, DATE_ASSIGNMENT)
VALUES (4, 18, TO_DATE('06/06/2011', 'MM/DD/YYYY'));

-- Query 19
INSERT INTO DOCTOR_ASSIGNMENTS (DID, PID, DATE_ASSIGNMENT)
VALUES (5, 19, TO_DATE('07/07/2011', 'MM/DD/YYYY'));

-- Query 20
INSERT INTO DOCTOR_ASSIGNMENTS (DID, PID, DATE_ASSIGNMENT)
VALUES (6, 20, TO_DATE('08/08/2011', 'MM/DD/YYYY'));

COMMIT;